Timestamp,Weather_Temperature,Weather_Humidity,Weather_Precipitation,Weather_Wind_Speed,Weather_Solar_Radiation,Building_Size,Building_Age,Building_Construction,Building_Insulation,Building_Usage_Type,Occupancy_Count,Equipment_Usage_HVAC,Equipment_Usage_Lighting,Equipment_Usage_Machinery,Operational_Schedule,Energy_Consumption,Electricity_Price,Gas_Price,Utility_Tariff_Type,Geographic_Location,Consumption_Level
2024-01-01 00:00:00,12,52,2.4267108987184494,15,328,716,6,Steel,Low,Office,192,287,268,86,Sat-Sun 9am-5pm,1925,0.1015947708630582,0.0570780846320745,Time-of-Use,New York,High_Consumption
2024-01-01 01:00:00,11,70,4.422218675545963,5,446,848,11,Wood,Low,Office,160,185,238,69,Sat-Sun 9am-5pm,1634,0.1145539875420071,0.0547493168537617,Time-of-Use,Los Angeles,High_Consumption
2024-01-01 02:00:00,25,52,1.753523407633627,8,196,778,15,Wood,Low,Office,139,111,307,98,Mon-Fri 9am-5pm,1077,0.123923500527787,0.0726434242468361,Time-of-Use,Chicago,Low_Consumption
2024-01-01 03:00:00,29,60,0.6112112581002282,7,158,622,15,Brick,Low,Warehouse,75,102,480,73,Mon-Fri 9am-5pm,1278,0.1174644256627669,0.0799480517046314,Time-of-Use,Houston,Medium_Consumption
2024-01-01 04:00:00,19,41,0.3526395549428407,7,471,786,15,Concrete,High,Warehouse,96,261,397,57,Sat-Sun 9am-5pm,1232,0.1209212327201372,0.0703037082783029,Flat-Rate,Phoenix,Medium_Consumption
2024-01-01 05:00:00,15,60,0.5658251492471988,19,166,632,11,Brick,High,Warehouse,62,297,328,32,Sat-Sun 9am-5pm,1671,0.1127404655900969,0.0742460596763689,Flat-Rate,Philadelphia,High_Consumption
2024-01-01 06:00:00,13,40,3.9262498382491273,6,275,916,9,Steel,Low,Office,67,122,474,46,Sat-Sun 9am-5pm,1127,0.1086188919662705,0.0793812613858637,Flat-Rate,San Antonio,Low_Consumption
2024-01-01 07:00:00,22,50,3.077820388000059,19,335,556,17,Wood,Low,Warehouse,170,188,293,58,Sat-Sun 9am-5pm,1901,0.12794547387798,0.0654408336734771,Time-of-Use,San Diego,High_Consumption
2024-01-01 08:00:00,15,47,2.984650714840332,15,318,939,7,Concrete,Low,Warehouse,70,158,494,98,Sat-Sun 9am-5pm,1511,0.1118097971580084,0.0733922718363745,Flat-Rate,Dallas,High_Consumption
2024-01-01 09:00:00,29,79,1.981467652036245,7,149,994,10,Brick,Low,Warehouse,104,255,482,53,Sat-Sun 9am-5pm,1545,0.1469692074842718,0.0701646703948342,Time-of-Use,San Jose,High_Consumption
2024-01-01 10:00:00,22,61,4.197299893331158,16,152,599,6,Concrete,Low,Office,62,135,325,50,Sat-Sun 9am-5pm,1031,0.129871478601986,0.0680019340227537,Flat-Rate,Austin,Low_Consumption
2024-01-01 11:00:00,27,54,3.163921983875487,10,212,806,8,Concrete,High,Warehouse,83,132,471,95,Mon-Fri 9am-5pm,1915,0.1199659260070534,0.0757332242545922,Time-of-Use,Jacksonville,High_Consumption
2024-01-01 12:00:00,10,65,3.1991561987410835,8,116,875,10,Steel,Low,Warehouse,92,197,349,71,Mon-Fri 9am-5pm,1805,0.1313589353198138,0.0648711274880888,Flat-Rate,Fort Worth,High_Consumption
2024-01-01 13:00:00,16,55,4.924941039974148,14,303,722,15,Steel,High,Office,76,254,254,41,Sat-Sun 9am-5pm,1976,0.1322904626027235,0.0604224443552637,Time-of-Use,Columbus,High_Consumption
2024-01-01 14:00:00,26,61,3.7511136033735575,16,328,763,17,Brick,Low,Office,169,250,460,37,Mon-Fri 9am-5pm,1706,0.1158857384612395,0.0720082022698454,Flat-Rate,Charlotte,High_Consumption
2024-01-01 15:00:00,23,67,2.515920935958825,10,284,752,11,Concrete,High,Warehouse,121,152,496,79,Sat-Sun 9am-5pm,1487,0.116785609629387,0.061908408683909,Time-of-Use,San Francisco,Medium_Consumption
2024-01-01 16:00:00,21,50,2.694537179974048,19,115,738,15,Steel,High,Office,191,207,395,73,Sat-Sun 9am-5pm,1116,0.1186635285905195,0.0567105808184557,Flat-Rate,Indianapolis,Low_Consumption
2024-01-01 17:00:00,28,76,0.8561124975239903,9,356,656,16,Steel,Low,Office,149,188,320,90,Sat-Sun 9am-5pm,1737,0.1366434716058732,0.0646303212273503,Flat-Rate,Seattle,High_Consumption
2024-01-01 18:00:00,27,64,0.0361797010729836,15,377,769,5,Brick,High,Office,50,292,296,87,Sat-Sun 9am-5pm,1494,0.1110713703911767,0.051042200717453,Flat-Rate,Denver,Medium_Consumption
2024-01-01 19:00:00,27,75,3.4631350318449963,19,374,888,19,Wood,High,Warehouse,94,275,479,62,Sat-Sun 9am-5pm,1483,0.1121051497843255,0.0574306407772642,Time-of-Use,Washington,Medium_Consumption
2024-01-01 20:00:00,20,78,1.9021317657955628,13,234,975,16,Brick,Low,Office,196,205,233,72,Mon-Fri 9am-5pm,1821,0.1229780072337968,0.0705458954898927,Time-of-Use,Boston,High_Consumption
2024-01-01 21:00:00,11,55,0.4968757937974116,10,163,542,5,Concrete,Low,Warehouse,132,287,268,36,Mon-Fri 9am-5pm,1226,0.1470246140725441,0.0666692755174785,Flat-Rate,El Paso,Medium_Consumption
2024-01-01 22:00:00,16,68,2.26444036294293,9,296,718,5,Concrete,High,Warehouse,143,265,278,63,Mon-Fri 9am-5pm,1955,0.1119599225750385,0.0708391917944752,Time-of-Use,Detroit,High_Consumption
2024-01-01 23:00:00,13,75,3.7907163540498905,8,339,801,19,Concrete,Low,Warehouse,73,213,337,54,Sat-Sun 9am-5pm,1004,0.1188284809975636,0.0725473103574552,Flat-Rate,Nashville,Low_Consumption
2024-01-02 00:00:00,19,44,1.3707036549678326,16,443,518,14,Brick,Low,Office,125,164,426,91,Sat-Sun 9am-5pm,1172,0.1488631857173512,0.0548491483608832,Time-of-Use,Memphis,Low_Consumption
2024-01-02 01:00:00,12,54,4.297059696763332,11,271,780,19,Wood,High,Office,153,228,374,79,Sat-Sun 9am-5pm,1406,0.1315028825328559,0.061746873445828,Flat-Rate,Portland,Medium_Consumption
2024-01-02 02:00:00,23,75,2.9470118451600675,6,329,548,12,Wood,Low,Warehouse,103,157,282,78,Sat-Sun 9am-5pm,1569,0.1430458279758455,0.0759379692573253,Time-of-Use,Oklahoma City,High_Consumption
2024-01-02 03:00:00,29,61,1.7486696935408574,14,132,524,10,Brick,Low,Office,153,154,426,81,Sat-Sun 9am-5pm,1311,0.1304179375393002,0.0723599005618745,Flat-Rate,Las Vegas,Medium_Consumption
2024-01-02 04:00:00,11,54,2.669240185245074,14,315,673,14,Concrete,High,Office,184,287,423,37,Mon-Fri 9am-5pm,1352,0.1384416107468226,0.0613782832270698,Time-of-Use,Louisville,Medium_Consumption
2024-01-02 05:00:00,25,42,4.708219140470439,11,237,885,15,Wood,High,Warehouse,71,280,323,78,Mon-Fri 9am-5pm,1090,0.1122974760812235,0.0508052152007869,Flat-Rate,Baltimore,Low_Consumption
2024-01-02 06:00:00,26,66,4.780300035482494,14,457,718,8,Concrete,Low,Office,146,245,278,75,Mon-Fri 9am-5pm,1323,0.1256875787448052,0.0509171257151474,Time-of-Use,Milwaukee,Medium_Consumption
2024-01-02 07:00:00,20,75,2.7298819184605474,8,216,643,17,Brick,Medium,Office,137,170,322,96,Mon-Fri 9am-5pm,1788,0.1411375738299934,0.078330617349786,Time-of-Use,Albuquerque,High_Consumption
2024-01-02 08:00:00,22,78,1.2635745266205105,9,386,841,11,Steel,Low,Office,170,227,452,31,Sat-Sun 9am-5pm,1549,0.1066161424830175,0.0680340458517454,Time-of-Use,Tucson,High_Consumption
2024-01-02 09:00:00,17,65,2.3160027639848284,12,158,553,10,Concrete,High,Warehouse,109,263,426,39,Sat-Sun 9am-5pm,1351,0.132128484249035,0.0515015937343994,Flat-Rate,Fresno,Medium_Consumption
2024-01-02 10:00:00,14,70,4.937626567754444,9,151,513,16,Brick,High,Office,145,163,203,58,Mon-Fri 9am-5pm,1230,0.1179950328117343,0.057044978478037,Flat-Rate,Mesa,Medium_Consumption
2024-01-02 11:00:00,23,65,4.02217868775835,9,284,736,11,Brick,High,Office,64,232,259,90,Mon-Fri 9am-5pm,1826,0.1402905253550086,0.0561652438687273,Time-of-Use,Sacramento,High_Consumption
2024-01-02 12:00:00,22,55,3.175725013559253,16,257,500,11,Concrete,High,Warehouse,83,159,395,31,Sat-Sun 9am-5pm,1385,0.139342773306275,0.0577513648772903,Time-of-Use,Atlanta,Medium_Consumption
2024-01-02 13:00:00,28,78,3.727681983869561,7,338,690,11,Steel,Medium,Warehouse,149,252,460,34,Sat-Sun 9am-5pm,1347,0.133015336211718,0.0515731903254805,Time-of-Use,Kansas City,Medium_Consumption
2024-01-02 14:00:00,22,43,4.136082698523458,11,384,847,5,Wood,Low,Warehouse,195,175,487,74,Mon-Fri 9am-5pm,1918,0.1314000872539466,0.0536386503710155,Time-of-Use,Colorado Springs,High_Consumption
2024-01-02 15:00:00,19,58,3.102534568636031,15,380,936,11,Steel,High,Office,90,175,499,46,Sat-Sun 9am-5pm,1634,0.1013244612979575,0.0726794003036434,Time-of-Use,Miami,High_Consumption
2024-01-02 16:00:00,22,63,4.515300869932867,10,213,916,11,Brick,Low,Office,129,258,399,77,Sat-Sun 9am-5pm,1602,0.1209024569131207,0.0631892411887448,Flat-Rate,Raleigh,High_Consumption
2024-01-02 17:00:00,26,54,4.87540030609375,17,360,537,17,Brick,Low,Warehouse,102,201,239,51,Mon-Fri 9am-5pm,1192,0.1392068310077435,0.0651472200154538,Time-of-Use,Omaha,Low_Consumption
2024-01-02 18:00:00,14,49,1.810413663774588,9,336,886,10,Steel,Low,Office,69,190,431,73,Mon-Fri 9am-5pm,1111,0.1180228724153374,0.0564055090775781,Time-of-Use,Long Beach,Low_Consumption
2024-01-02 19:00:00,20,54,2.6145999607062933,17,246,640,7,Steel,Low,Office,177,131,306,83,Mon-Fri 9am-5pm,1198,0.1377860005537436,0.0589381402394529,Time-of-Use,Virginia Beach,Low_Consumption
2024-01-02 20:00:00,20,52,4.022833596115103,5,434,546,19,Steel,Low,Warehouse,87,246,260,93,Sat-Sun 9am-5pm,1206,0.1453848064657216,0.0681058782813441,Time-of-Use,Oakland,Medium_Consumption
2024-01-02 21:00:00,23,71,3.5068720923296355,5,187,920,11,Concrete,Medium,Warehouse,174,112,392,39,Mon-Fri 9am-5pm,1957,0.1359663241147991,0.0560748939377187,Time-of-Use,Minneapolis,High_Consumption
2024-01-02 22:00:00,28,62,1.2180069149745272,8,318,700,15,Wood,Low,Warehouse,169,141,436,32,Mon-Fri 9am-5pm,1640,0.1357766188239627,0.0778611501240959,Time-of-Use,Tulsa,High_Consumption
2024-01-02 23:00:00,17,43,0.3571034636946729,13,192,752,11,Concrete,High,Office,167,112,224,56,Sat-Sun 9am-5pm,1396,0.1206576045129519,0.0580436495824522,Time-of-Use,Arlington,Medium_Consumption
2024-01-03 00:00:00,24,67,4.308553931130006,10,420,777,14,Concrete,High,Warehouse,115,191,425,72,Sat-Sun 9am-5pm,1794,0.1042320581577969,0.071085853413792,Time-of-Use,New Orleans,High_Consumption
2024-01-03 01:00:00,24,75,3.272373614148491,12,184,996,13,Brick,Low,Warehouse,185,283,203,59,Mon-Fri 9am-5pm,1433,0.1208821910777238,0.0641107188831887,Time-of-Use,Wichita,Medium_Consumption
2024-01-03 02:00:00,22,58,1.1757049836143048,14,223,627,11,Steel,Low,Office,73,257,232,53,Sat-Sun 9am-5pm,1272,0.105830818404607,0.0597348283294965,Flat-Rate,Cleveland,Medium_Consumption
2024-01-03 03:00:00,22,72,3.0863427588085868,13,157,996,7,Concrete,High,Warehouse,143,279,225,72,Sat-Sun 9am-5pm,1762,0.1304734233428524,0.066279464513478,Time-of-Use,Tampa,High_Consumption
2024-01-03 04:00:00,24,46,4.093164097142349,11,236,835,16,Steel,Medium,Office,98,140,405,65,Sat-Sun 9am-5pm,1576,0.1357052371534324,0.0607942217638465,Time-of-Use,Bakersfield,High_Consumption
2024-01-03 05:00:00,20,64,4.85160026306543,12,171,921,16,Brick,High,Office,186,272,430,93,Mon-Fri 9am-5pm,1554,0.1468479071205777,0.0556066801452538,Flat-Rate,Aurora,High_Consumption
2024-01-03 06:00:00,27,78,4.167648829812794,5,264,551,15,Wood,Low,Office,165,133,416,64,Sat-Sun 9am-5pm,1584,0.140190687459304,0.0585159111109233,Time-of-Use,Honolulu,High_Consumption
2024-01-03 07:00:00,18,47,0.0256168856272648,15,157,860,14,Wood,Low,Warehouse,188,292,200,67,Sat-Sun 9am-5pm,1472,0.1054226917367121,0.0697146700758881,Time-of-Use,Anaheim,Medium_Consumption
2024-01-03 08:00:00,16,45,2.6428600115130383,10,438,636,9,Steel,Low,Office,133,194,274,47,Mon-Fri 9am-5pm,1420,0.1374919545920347,0.0617199922749584,Flat-Rate,Santa Ana,Medium_Consumption
2024-01-03 09:00:00,18,70,0.8955521665323501,11,250,672,11,Steel,Low,Office,74,236,473,53,Mon-Fri 9am-5pm,1897,0.1088011111544935,0.0713131674241122,Time-of-Use,Riverside,High_Consumption
2024-01-03 10:00:00,11,47,4.020500400517552,12,487,775,5,Concrete,High,Warehouse,142,218,377,80,Sat-Sun 9am-5pm,1655,0.107281011500036,0.0565811795861866,Time-of-Use,Corpus Christi,High_Consumption
2024-01-03 11:00:00,23,43,2.631614714756605,19,413,834,8,Concrete,Medium,Office,102,275,322,60,Mon-Fri 9am-5pm,1028,0.1237244265562269,0.0662613676831577,Flat-Rate,Lexington,Low_Consumption
2024-01-03 12:00:00,22,49,0.0483345905199333,7,389,526,16,Steel,High,Office,199,147,431,43,Mon-Fri 9am-5pm,1557,0.1038940273012723,0.072728411674158,Time-of-Use,Stockton,High_Consumption
2024-01-03 13:00:00,29,74,2.8611928920254286,9,174,807,7,Brick,Medium,Warehouse,168,153,370,55,Mon-Fri 9am-5pm,1944,0.1160663734117755,0.0720405567285682,Flat-Rate,St. Louis,High_Consumption
2024-01-03 14:00:00,25,59,4.302262208573976,5,408,888,19,Wood,High,Office,79,266,401,94,Sat-Sun 9am-5pm,1854,0.1202759049990103,0.0500768276463136,Time-of-Use,Saint Paul,High_Consumption
2024-01-03 15:00:00,19,62,1.552208013878606,6,155,670,5,Brick,Medium,Warehouse,140,114,372,67,Sat-Sun 9am-5pm,1804,0.1010605646131056,0.0738322095495328,Time-of-Use,Henderson,High_Consumption
2024-01-03 16:00:00,28,64,3.775994033670416,6,166,873,19,Steel,Low,Office,157,281,374,43,Mon-Fri 9am-5pm,1028,0.1037622657549924,0.0536003596528594,Flat-Rate,Pittsburgh,Low_Consumption
2024-01-03 17:00:00,23,66,0.788482910753161,10,247,982,12,Wood,Medium,Office,99,183,241,59,Mon-Fri 9am-5pm,1874,0.1001044011049358,0.0739749641268033,Flat-Rate,Cincinnati,High_Consumption
2024-01-03 18:00:00,20,49,3.7651038922121063,6,100,727,7,Brick,Medium,Office,191,114,326,58,Mon-Fri 9am-5pm,1263,0.1400575655676125,0.0619671498543807,Flat-Rate,Anchorage,Medium_Consumption
2024-01-03 19:00:00,17,63,1.6230446913460943,19,127,885,11,Steel,High,Warehouse,86,169,370,57,Sat-Sun 9am-5pm,1599,0.1428435739602487,0.0658199050586966,Flat-Rate,Greensboro,High_Consumption
2024-01-03 20:00:00,20,57,2.1269016569822323,14,392,733,14,Brick,High,Office,187,160,373,72,Sat-Sun 9am-5pm,1096,0.1313400556042207,0.0742587508499132,Time-of-Use,Plano,Low_Consumption
2024-01-03 21:00:00,10,43,2.4079390902918227,14,305,554,9,Steel,Medium,Warehouse,162,201,351,95,Sat-Sun 9am-5pm,1383,0.149281662659571,0.0782476276573796,Flat-Rate,Newark,Medium_Consumption
2024-01-03 22:00:00,27,46,4.999696281543467,17,137,620,19,Wood,High,Office,106,229,218,44,Sat-Sun 9am-5pm,1982,0.1265598871578462,0.0623892827718436,Flat-Rate,Lincoln,High_Consumption
2024-01-03 23:00:00,28,60,1.228537779415945,5,477,554,13,Concrete,Low,Warehouse,115,255,224,60,Sat-Sun 9am-5pm,1371,0.1498024876241229,0.0518454782149994,Flat-Rate,Orlando,Medium_Consumption
2024-01-04 00:00:00,19,47,4.130654611594926,11,487,816,8,Wood,High,Office,74,120,225,89,Sat-Sun 9am-5pm,1377,0.1131810250534238,0.0583312072230708,Time-of-Use,Irvine,Medium_Consumption
2024-01-04 01:00:00,26,66,2.406974105808393,10,171,547,13,Steel,Medium,Office,128,233,248,50,Sat-Sun 9am-5pm,1095,0.1387450516402914,0.0628503161351073,Time-of-Use,Toledo,Low_Consumption
2024-01-04 02:00:00,18,46,3.197499703130054,11,260,921,9,Wood,Low,Office,89,173,386,49,Mon-Fri 9am-5pm,1141,0.1157268217472244,0.0769277450702768,Flat-Rate,Jersey City,Low_Consumption
2024-01-04 03:00:00,28,77,2.107977332673145,19,123,977,13,Concrete,Medium,Office,162,127,436,44,Sat-Sun 9am-5pm,1702,0.1048773831496869,0.0799376286825236,Time-of-Use,Chula Vista,High_Consumption
2024-01-04 04:00:00,12,55,0.1686840270722001,14,213,732,9,Concrete,Low,Office,145,153,350,83,Mon-Fri 9am-5pm,1445,0.134208679963045,0.0570703331960876,Time-of-Use,Durham,Medium_Consumption
2024-01-04 05:00:00,17,50,3.818349208430006,10,411,984,17,Wood,Medium,Warehouse,85,151,226,84,Mon-Fri 9am-5pm,1447,0.1495204931203572,0.0508468404994438,Time-of-Use,Fort Wayne,Medium_Consumption
2024-01-04 06:00:00,26,59,0.9878881978351932,10,180,562,8,Wood,Medium,Warehouse,92,218,479,52,Mon-Fri 9am-5pm,1920,0.1235884827997833,0.0731998549514609,Flat-Rate,St. Petersburg,High_Consumption
2024-01-04 07:00:00,12,61,4.76507348778058,5,453,542,5,Brick,High,Warehouse,183,149,382,74,Sat-Sun 9am-5pm,1853,0.1021469851519346,0.061241077607927,Time-of-Use,Laredo,High_Consumption
2024-01-04 08:00:00,19,44,3.1523030015504028,19,299,590,8,Steel,High,Office,162,183,260,55,Mon-Fri 9am-5pm,1172,0.1115936514514714,0.0640210748768714,Time-of-Use,Buffalo,Low_Consumption
2024-01-04 09:00:00,16,76,3.662682296952564,10,417,864,14,Steel,High,Warehouse,113,261,242,84,Sat-Sun 9am-5pm,1009,0.1495120778454193,0.0571739471338517,Time-of-Use,Madison,Low_Consumption
2024-01-04 10:00:00,12,45,2.569178688479115,6,338,964,9,Wood,High,Warehouse,79,147,398,64,Mon-Fri 9am-5pm,1017,0.1011693186863781,0.0740540384029197,Flat-Rate,Lubbock,Low_Consumption
2024-01-04 11:00:00,25,40,2.7394106353644743,6,346,868,8,Steel,High,Office,177,138,493,42,Sat-Sun 9am-5pm,1007,0.1228042854401138,0.0777271042964748,Time-of-Use,Chandler,Low_Consumption
2024-01-04 12:00:00,24,61,1.0140879632015616,10,326,798,19,Brick,Medium,Warehouse,178,183,349,34,Mon-Fri 9am-5pm,1371,0.1117895998408209,0.0740192574017306,Flat-Rate,Scottsdale,Medium_Consumption
2024-01-04 13:00:00,16,67,3.746302313736952,11,496,865,17,Steel,High,Warehouse,164,223,435,39,Mon-Fri 9am-5pm,1518,0.1299709301904887,0.0655356435033819,Flat-Rate,Reno,High_Consumption
2024-01-04 14:00:00,24,64,2.9588726863167736,13,237,727,11,Concrete,Low,Office,117,286,294,90,Mon-Fri 9am-5pm,1217,0.1110444977637832,0.0526999055462708,Flat-Rate,Glendale,Medium_Consumption
2024-01-04 15:00:00,16,58,1.3986326928879556,15,249,814,7,Wood,Medium,Office,107,291,238,93,Sat-Sun 9am-5pm,1985,0.1003198188905853,0.0672362489301259,Time-of-Use,Gilbert,High_Consumption
2024-01-04 16:00:00,10,57,3.1552772349249807,10,495,875,13,Concrete,Medium,Office,174,127,419,90,Mon-Fri 9am-5pm,1613,0.1240490652673314,0.0736691554253918,Time-of-Use,Winstonâ€“Salem,High_Consumption
2024-01-04 17:00:00,24,70,4.045865946302522,17,380,948,12,Concrete,Medium,Office,197,199,333,73,Sat-Sun 9am-5pm,1275,0.1350085544861214,0.0510516364872634,Flat-Rate,North Las Vegas,Medium_Consumption
2024-01-04 18:00:00,12,57,2.628674576717062,16,128,550,8,Brick,High,Warehouse,91,243,209,33,Mon-Fri 9am-5pm,1498,0.1275264891140508,0.0571417083534389,Time-of-Use,Norfolk,Medium_Consumption
2024-01-04 19:00:00,15,77,1.179080385206796,9,295,722,17,Concrete,High,Office,103,123,462,33,Sat-Sun 9am-5pm,1405,0.1232671091113473,0.0747780852850151,Time-of-Use,Chesapeake,Medium_Consumption
2024-01-04 20:00:00,24,55,3.303629863816528,16,198,999,11,Concrete,High,Office,73,117,319,70,Mon-Fri 9am-5pm,1971,0.1197255032326383,0.072885964670689,Time-of-Use,Garland,High_Consumption
2024-01-04 21:00:00,14,71,1.1535162966607635,5,391,952,8,Steel,High,Warehouse,94,245,421,54,Sat-Sun 9am-5pm,1511,0.1499479685589571,0.0611792572493503,Time-of-Use,Irving,High_Consumption
2024-01-04 22:00:00,15,68,3.4709698056697382,8,225,731,7,Concrete,High,Office,198,102,203,60,Sat-Sun 9am-5pm,1612,0.148080024575169,0.0687694941305743,Flat-Rate,Hialeah,High_Consumption
2024-01-04 23:00:00,21,69,1.5148804312865638,5,480,989,16,Brick,High,Office,143,137,239,38,Sat-Sun 9am-5pm,1020,0.1388080917634666,0.0641846273718333,Flat-Rate,Fremont,Low_Consumption
2024-01-05 00:00:00,19,48,4.614980669495471,17,329,715,12,Steel,Low,Warehouse,130,280,459,98,Sat-Sun 9am-5pm,1605,0.1205664719130601,0.0775867416958386,Time-of-Use,Boise,High_Consumption
2024-01-05 01:00:00,18,76,4.697487659328744,8,153,970,12,Concrete,Low,Warehouse,150,298,268,95,Sat-Sun 9am-5pm,1355,0.121184850373431,0.0762476187504628,Time-of-Use,Richmond,Medium_Consumption
2024-01-05 02:00:00,21,71,4.209630420001724,10,159,951,7,Wood,Low,Office,114,193,464,30,Mon-Fri 9am-5pm,1656,0.1202434054894017,0.0655400266261671,Time-of-Use,Baton Rouge,High_Consumption
2024-01-05 03:00:00,25,47,1.9243382445611836,5,223,912,8,Wood,Medium,Office,53,199,239,48,Mon-Fri 9am-5pm,1895,0.1295273673235927,0.0719692113455782,Flat-Rate,Spokane,High_Consumption
2024-01-05 04:00:00,17,70,3.8930731837952255,14,168,751,10,Steel,Medium,Warehouse,196,165,319,35,Mon-Fri 9am-5pm,1720,0.1315787737818358,0.055576571926548,Time-of-Use,Des Moines,High_Consumption
2024-01-05 05:00:00,12,41,3.814197144206888,17,345,868,11,Steel,Low,Warehouse,94,155,430,34,Mon-Fri 9am-5pm,1916,0.113702670378799,0.0733918931277933,Flat-Rate,Mumbai,High_Consumption
2024-01-05 06:00:00,11,50,1.4008259547761892,13,237,544,18,Steel,Low,Warehouse,155,125,280,94,Mon-Fri 9am-5pm,1687,0.146741738086455,0.0753487594469908,Flat-Rate,Delhi,High_Consumption
2024-01-05 07:00:00,29,59,1.4782467886077122,6,140,725,14,Concrete,Medium,Warehouse,106,218,385,38,Mon-Fri 9am-5pm,1061,0.1319950712587099,0.0596474529223289,Flat-Rate,Bangalore,Low_Consumption
2024-01-05 08:00:00,20,58,4.380219804537554,9,426,625,11,Wood,Low,Warehouse,168,131,317,97,Sat-Sun 9am-5pm,1396,0.1330755113005653,0.0679584404397447,Flat-Rate,Hyderabad,Medium_Consumption
2024-01-05 09:00:00,13,56,0.6247152423842767,9,171,858,7,Brick,Low,Warehouse,190,116,285,90,Sat-Sun 9am-5pm,1794,0.1245783374058251,0.0637950282964286,Flat-Rate,Ahmedabad,High_Consumption
2024-01-05 10:00:00,17,59,3.7425175246322686,5,450,868,16,Wood,Medium,Office,195,108,326,76,Sat-Sun 9am-5pm,1144,0.1324000700016256,0.0761703449911068,Time-of-Use,Chennai,Low_Consumption
2024-01-05 11:00:00,20,70,2.84873920394618,14,423,847,8,Wood,Medium,Office,71,204,430,72,Mon-Fri 9am-5pm,1719,0.1336639487550619,0.0661454564739982,Time-of-Use,Kolkata,High_Consumption
2024-01-05 12:00:00,25,58,2.270586352576736,5,327,840,16,Concrete,Medium,Office,132,191,324,36,Sat-Sun 9am-5pm,1676,0.1195894515478864,0.0665198593483695,Flat-Rate,Surat,High_Consumption
2024-01-05 13:00:00,17,67,0.4456515224462914,17,268,643,16,Steel,High,Warehouse,64,150,398,95,Sat-Sun 9am-5pm,1239,0.1239590155180639,0.059810142385392,Time-of-Use,Pune,Medium_Consumption
2024-01-05 14:00:00,20,43,3.631777847275682,8,267,565,12,Brick,High,Office,97,153,405,65,Sat-Sun 9am-5pm,1202,0.1243779937379374,0.0525916262240893,Time-of-Use,Jaipur,Medium_Consumption
2024-01-05 15:00:00,10,68,1.783598006648382,7,221,877,19,Wood,Low,Warehouse,91,165,256,38,Mon-Fri 9am-5pm,1003,0.1016349774396794,0.0547747034861187,Flat-Rate,Lucknow,Low_Consumption
2024-01-05 16:00:00,11,78,1.172714411157626,16,491,693,8,Concrete,Medium,Office,119,267,478,90,Sat-Sun 9am-5pm,1412,0.144643893680899,0.06565250076673,Flat-Rate,Kanpur,Medium_Consumption
2024-01-05 17:00:00,23,47,2.104088966257484,6,327,986,17,Steel,High,Office,179,180,475,67,Sat-Sun 9am-5pm,1087,0.1126691818726774,0.0780296264711185,Flat-Rate,Nagpur,Low_Consumption
2024-01-05 18:00:00,10,53,1.1807326205339597,10,208,573,15,Wood,High,Warehouse,171,144,281,90,Mon-Fri 9am-5pm,1939,0.1458766096397453,0.0510658715822013,Flat-Rate,Visakhapatnam,High_Consumption
2024-01-05 19:00:00,11,62,1.5869121889610205,13,138,816,17,Wood,High,Warehouse,198,199,283,94,Mon-Fri 9am-5pm,1716,0.1057823637410478,0.079679239512904,Time-of-Use,Indore,High_Consumption
2024-01-05 20:00:00,22,54,3.2763783400167625,12,160,877,9,Brick,Medium,Warehouse,68,113,464,63,Sat-Sun 9am-5pm,1055,0.1071415486845628,0.0668917910705979,Time-of-Use,Thane,Low_Consumption
2024-01-05 21:00:00,16,75,1.530937421489031,5,448,947,17,Wood,High,Office,156,233,226,97,Mon-Fri 9am-5pm,1500,0.111370436835586,0.0535323591367618,Flat-Rate,Bhopal,Medium_Consumption
2024-01-05 22:00:00,11,61,0.9707146621445056,16,259,828,12,Brick,High,Warehouse,97,122,328,81,Mon-Fri 9am-5pm,1922,0.1492536989100004,0.0784045680345065,Time-of-Use,Patna,High_Consumption
2024-01-05 23:00:00,14,67,4.342216649811298,12,184,649,16,Brick,High,Warehouse,195,256,300,84,Mon-Fri 9am-5pm,1777,0.1219913314312493,0.0635967471924359,Flat-Rate,Vadodara,High_Consumption
2024-01-06 00:00:00,29,55,1.963885884464761,17,203,938,15,Concrete,High,Office,67,297,203,70,Mon-Fri 9am-5pm,1731,0.1008463989654197,0.053850526359502,Flat-Rate,Ghaziabad,High_Consumption
2024-01-06 01:00:00,29,41,1.6829063033247451,6,349,862,17,Steel,Medium,Warehouse,156,278,422,31,Sat-Sun 9am-5pm,1849,0.1348153404417345,0.0545851560156521,Flat-Rate,Ludhiana,High_Consumption
2024-01-06 02:00:00,10,49,4.383006496376325,8,213,579,12,Brick,Low,Warehouse,193,249,435,35,Mon-Fri 9am-5pm,1443,0.1106605251595338,0.0732114521009844,Time-of-Use,Agra,Medium_Consumption
2024-01-06 03:00:00,19,61,1.186263259202252,14,425,945,14,Wood,Low,Warehouse,97,274,245,95,Sat-Sun 9am-5pm,1403,0.1415430553513416,0.0717267086445387,Flat-Rate,Nashik,Medium_Consumption
2024-01-06 04:00:00,19,54,4.816974739759391,15,456,674,7,Steel,Medium,Office,67,267,317,51,Sat-Sun 9am-5pm,1562,0.1404522341945357,0.0693449402089286,Flat-Rate,Faridabad,High_Consumption
2024-01-06 05:00:00,10,41,0.8379868231480314,5,101,963,7,Concrete,Medium,Warehouse,139,138,302,72,Sat-Sun 9am-5pm,1986,0.1006383545506737,0.0582354798662722,Time-of-Use,Meerut,High_Consumption
2024-01-06 06:00:00,13,51,3.8663530480182455,13,256,680,9,Steel,High,Office,63,187,468,44,Sat-Sun 9am-5pm,1570,0.1397814354333273,0.0699222049396524,Flat-Rate,Rajkot,High_Consumption
2024-01-06 07:00:00,12,43,2.9417914577715814,11,150,861,11,Wood,High,Warehouse,87,253,218,41,Mon-Fri 9am-5pm,1146,0.1339551826229251,0.0545505846255822,Time-of-Use,Varanasi,Low_Consumption
2024-01-06 08:00:00,25,56,2.6893930130386505,16,287,844,6,Brick,High,Warehouse,67,107,338,65,Mon-Fri 9am-5pm,1967,0.1463981629220777,0.0668298714824443,Time-of-Use,Srinagar,High_Consumption
2024-01-06 09:00:00,22,78,2.0435472068264704,17,169,565,17,Steel,High,Warehouse,148,218,253,46,Sat-Sun 9am-5pm,1519,0.1392152827656057,0.0622091263080533,Time-of-Use,Aurangabad,High_Consumption
2024-01-06 10:00:00,17,78,1.6381551355442658,8,497,883,6,Wood,High,Office,78,110,236,98,Mon-Fri 9am-5pm,1984,0.1107222492356272,0.0505768739772283,Flat-Rate,Dhanbad,High_Consumption
2024-01-06 11:00:00,19,61,3.2520040909439314,18,119,685,13,Wood,High,Office,170,245,300,84,Sat-Sun 9am-5pm,1323,0.1337180363286838,0.0623342717002309,Flat-Rate,Amritsar,Medium_Consumption
2024-01-06 12:00:00,27,70,3.815586130424412,11,248,756,18,Steel,Medium,Office,192,268,467,31,Mon-Fri 9am-5pm,1109,0.1458810388711194,0.0576058408642655,Time-of-Use,Navi Mumbai,Low_Consumption
2024-01-06 13:00:00,13,70,2.83777656755869,14,468,982,6,Brick,Low,Office,198,196,303,53,Sat-Sun 9am-5pm,1333,0.1319349087140257,0.063388283048471,Time-of-Use,Allahabad,Medium_Consumption
2024-01-06 14:00:00,13,72,4.720704265543749,13,404,805,17,Steel,Low,Office,105,106,326,51,Mon-Fri 9am-5pm,1807,0.1379548581495354,0.0747844820388058,Flat-Rate,Howrah,High_Consumption
2024-01-06 15:00:00,20,43,2.1221218687597343,16,214,586,14,Brick,Low,Office,158,249,468,56,Mon-Fri 9am-5pm,1558,0.1408358628960403,0.0752340808456582,Flat-Rate,Ranchi,High_Consumption
2024-01-06 16:00:00,21,74,3.030416702223807,15,196,561,6,Concrete,Low,Warehouse,116,244,355,89,Mon-Fri 9am-5pm,1061,0.1465031911101981,0.0776334689405015,Flat-Rate,Gwalior,Low_Consumption
2024-01-06 17:00:00,23,53,2.383472910877604,7,230,734,18,Wood,High,Office,56,253,226,82,Sat-Sun 9am-5pm,1198,0.1266902630545283,0.0510064256450877,Flat-Rate,Jabalpur,Low_Consumption
2024-01-06 18:00:00,10,48,2.5142635804926123,14,370,689,12,Concrete,Low,Office,97,287,301,30,Mon-Fri 9am-5pm,1725,0.1375147788976688,0.072641403859887,Time-of-Use,Vijayawada,High_Consumption
2024-01-06 19:00:00,23,78,2.467636548293295,15,460,759,5,Concrete,Medium,Warehouse,185,126,494,30,Mon-Fri 9am-5pm,1505,0.1495676071922143,0.0685216213977445,Flat-Rate,Jodhpur,High_Consumption
2024-01-06 20:00:00,10,44,3.441538056575994,9,255,863,7,Concrete,High,Office,85,160,326,33,Mon-Fri 9am-5pm,1953,0.1241985388364202,0.0709516581742079,Time-of-Use,Raipur,High_Consumption
2024-01-06 21:00:00,25,75,4.274167292158767,18,187,770,16,Brick,Low,Warehouse,112,127,447,39,Sat-Sun 9am-5pm,1220,0.1231437563359481,0.0629540210630595,Time-of-Use,Kota,Medium_Consumption
2024-01-06 22:00:00,12,49,0.6723553808635135,14,269,773,13,Concrete,High,Warehouse,102,271,262,68,Mon-Fri 9am-5pm,1973,0.1446216299514317,0.0657886939389723,Time-of-Use,Guwahati,High_Consumption
2024-01-06 23:00:00,14,55,4.767473434567845,9,454,960,15,Concrete,Medium,Office,98,214,418,86,Mon-Fri 9am-5pm,1295,0.1468581036951459,0.0680296220199538,Flat-Rate,Chandigarh,Medium_Consumption
2024-01-07 00:00:00,28,43,2.1823934928882327,16,154,674,15,Brick,Medium,Office,136,227,411,93,Sat-Sun 9am-5pm,1774,0.1459754373774477,0.0628492683075968,Flat-Rate,Thiruvananthapuram,High_Consumption
2024-01-07 01:00:00,14,66,1.9467910431642452,17,106,549,12,Wood,Medium,Office,122,138,220,46,Sat-Sun 9am-5pm,1277,0.1329638325508421,0.0624649338668402,Flat-Rate,Solapur,Medium_Consumption
2024-01-07 02:00:00,27,61,2.0832410581327983,7,183,866,7,Wood,Low,Office,112,126,464,38,Sat-Sun 9am-5pm,1822,0.1283974096292129,0.0768741001324984,Flat-Rate,Tiruchirappalli,High_Consumption
2024-01-07 03:00:00,18,68,1.383749748928993,12,454,620,7,Brick,Low,Office,71,212,293,70,Mon-Fri 9am-5pm,1307,0.1138046668005447,0.0701046785144553,Flat-Rate,Bareilly,Medium_Consumption
2024-01-07 04:00:00,28,57,0.1333342579575097,12,370,818,16,Steel,Low,Warehouse,133,261,367,64,Sat-Sun 9am-5pm,1437,0.1375196466061337,0.0636197664802825,Flat-Rate,Moradabad,Medium_Consumption
2024-01-07 05:00:00,11,76,4.192859460613109,11,396,852,6,Brick,Low,Warehouse,156,234,212,36,Mon-Fri 9am-5pm,1599,0.1440007037782756,0.0762854000588213,Flat-Rate,Mysore,High_Consumption
2024-01-07 06:00:00,26,40,2.8141051702251807,12,464,730,7,Wood,High,Warehouse,70,196,437,90,Mon-Fri 9am-5pm,1938,0.1059221618126842,0.055015567898833,Flat-Rate,Tiruppur,High_Consumption
2024-01-07 07:00:00,25,54,4.177174036682697,12,482,901,12,Concrete,High,Warehouse,164,149,475,96,Sat-Sun 9am-5pm,1759,0.117923438176562,0.0505296650907003,Time-of-Use,Gurgaon,High_Consumption
2024-01-07 08:00:00,10,55,3.5580896218315017,8,225,831,17,Concrete,Low,Office,114,136,302,87,Sat-Sun 9am-5pm,1587,0.1261195378909542,0.0577293083087091,Flat-Rate,Aligarh,High_Consumption
2024-01-07 09:00:00,14,60,2.308893516440771,14,147,892,18,Steel,Medium,Office,139,240,486,50,Mon-Fri 9am-5pm,1747,0.12215625327583,0.077951704618597,Flat-Rate,Jalandhar,High_Consumption
2024-01-07 10:00:00,26,42,1.0347426773121982,10,448,505,19,Steel,High,Warehouse,195,110,287,35,Mon-Fri 9am-5pm,1367,0.1113475511085374,0.069967949053401,Time-of-Use,Bhubaneswar,Medium_Consumption
2024-01-07 11:00:00,23,79,3.725138323720131,18,292,786,14,Concrete,Medium,Warehouse,75,128,208,36,Sat-Sun 9am-5pm,1232,0.1494883540065454,0.0514928262152776,Time-of-Use,Salem,Medium_Consumption
2024-01-07 12:00:00,19,69,2.3143871829008726,10,227,577,19,Steel,Medium,Office,61,155,283,55,Sat-Sun 9am-5pm,1290,0.1096136251070855,0.0593747613309141,Flat-Rate,Warangal,Medium_Consumption
2024-01-07 13:00:00,22,76,4.77778070597873,7,123,765,15,Concrete,Medium,Warehouse,115,246,394,34,Sat-Sun 9am-5pm,1134,0.1092765634102263,0.0784835436170524,Time-of-Use,Guntur,Low_Consumption
2024-01-07 14:00:00,22,70,1.630290710242035,11,431,637,11,Wood,High,Warehouse,144,194,450,64,Mon-Fri 9am-5pm,1272,0.1026123531679246,0.0599690174718059,Flat-Rate,Bhiwandi,Medium_Consumption
2024-01-07 15:00:00,10,70,0.7032662572818382,6,400,624,11,Concrete,High,Office,109,218,483,50,Mon-Fri 9am-5pm,1900,0.1086803748811851,0.0559987369333381,Time-of-Use,Saharanpur,High_Consumption
2024-01-07 16:00:00,24,40,1.090938508550197,16,218,646,13,Steel,Low,Warehouse,169,287,258,72,Mon-Fri 9am-5pm,1788,0.1463522351068646,0.0675085252876261,Time-of-Use,Gorakhpur,High_Consumption
2024-01-07 17:00:00,14,47,2.595614934136425,19,398,665,18,Concrete,High,Warehouse,91,249,430,84,Sat-Sun 9am-5pm,1473,0.1330830902583134,0.0525559702413902,Time-of-Use,Bikaner,Medium_Consumption
2024-01-07 18:00:00,25,54,2.946336757012453,7,485,982,8,Concrete,Medium,Office,115,243,207,65,Mon-Fri 9am-5pm,1944,0.1413086973225644,0.0564885919257224,Time-of-Use,Amravati,High_Consumption
2024-01-07 19:00:00,21,75,3.0897840380439194,13,196,606,11,Brick,High,Office,155,221,457,53,Mon-Fri 9am-5pm,1676,0.1347158759529173,0.0785653661729055,Flat-Rate,Noida,High_Consumption
2024-01-07 20:00:00,12,73,1.0605485121796798,12,327,690,12,Concrete,Medium,Warehouse,153,191,331,38,Mon-Fri 9am-5pm,1689,0.1496505323090618,0.064616821301622,Time-of-Use,Jamshedpur,High_Consumption
2024-01-07 21:00:00,10,41,2.030613088239756,10,101,928,14,Steel,High,Warehouse,95,115,442,52,Mon-Fri 9am-5pm,1626,0.1285069805350603,0.0686331026107291,Time-of-Use,Bhilai,High_Consumption
2024-01-07 22:00:00,27,53,3.3091240101241386,17,484,945,18,Concrete,Medium,Warehouse,106,177,358,41,Mon-Fri 9am-5pm,1452,0.1065624870867368,0.0537468742533002,Flat-Rate,Cuttack,Medium_Consumption
2024-01-07 23:00:00,20,62,2.129083080967673,18,269,895,16,Wood,Low,Warehouse,127,272,224,80,Mon-Fri 9am-5pm,1870,0.1130978324539578,0.0698542579001958,Time-of-Use,Firozabad,High_Consumption
2024-01-08 00:00:00,13,79,1.9189664969488485,17,283,784,5,Concrete,Medium,Office,162,201,334,43,Sat-Sun 9am-5pm,1813,0.1051520842960169,0.0670280790989537,Time-of-Use,Kochi,High_Consumption
2024-01-08 01:00:00,11,65,2.2907574709051977,14,384,791,7,Concrete,Low,Warehouse,175,237,423,67,Mon-Fri 9am-5pm,1614,0.1122495726231608,0.071360770995137,Time-of-Use,Nellore,High_Consumption
2024-01-08 02:00:00,24,56,3.243355902869727,17,330,980,17,Concrete,Medium,Warehouse,150,163,433,76,Sat-Sun 9am-5pm,1886,0.1208841118212286,0.0621994879756784,Flat-Rate,Bhavnagar,High_Consumption
2024-01-08 03:00:00,22,57,0.418215163657456,18,478,593,7,Steel,Medium,Office,131,168,347,84,Mon-Fri 9am-5pm,1438,0.1391005702567078,0.0552964658275813,Time-of-Use,Dehradun,Medium_Consumption
2024-01-08 04:00:00,15,59,0.8764522556431925,5,158,698,11,Wood,Low,Office,54,107,276,52,Mon-Fri 9am-5pm,1723,0.1153080116008356,0.0773495850499383,Flat-Rate,Durgapur,High_Consumption
2024-01-08 05:00:00,14,75,2.4134537907531666,11,446,891,13,Steel,Medium,Warehouse,197,113,298,73,Sat-Sun 9am-5pm,1739,0.1307493315608697,0.0799057343173515,Flat-Rate,Asansol,High_Consumption
2024-01-08 06:00:00,16,76,4.119952805470616,19,496,806,10,Steel,Low,Warehouse,82,109,466,41,Sat-Sun 9am-5pm,1174,0.1142662668696704,0.0766242824575981,Time-of-Use,Rourkela,Low_Consumption
2024-01-08 07:00:00,13,71,0.7393517891264795,9,422,645,15,Wood,High,Warehouse,70,194,353,66,Mon-Fri 9am-5pm,1241,0.1455899262293122,0.0698587879623394,Time-of-Use,Nanded,Medium_Consumption
2024-01-08 08:00:00,29,41,0.7528016938826193,7,400,630,14,Concrete,High,Office,123,111,340,57,Sat-Sun 9am-5pm,1053,0.1368562640203548,0.0790437460541896,Time-of-Use,Kolhapur,Low_Consumption
2024-01-08 09:00:00,29,49,0.9794325980593238,6,312,728,12,Brick,High,Office,96,124,336,82,Sat-Sun 9am-5pm,1489,0.1095983859255414,0.0652195474382528,Flat-Rate,Ajmer,Medium_Consumption
2024-01-08 10:00:00,21,43,4.546503403473504,16,348,838,13,Steel,High,Warehouse,137,128,395,93,Mon-Fri 9am-5pm,1340,0.1131043967163456,0.0787937449428533,Flat-Rate,Akola,Medium_Consumption
2024-01-08 11:00:00,22,68,0.065639915828114,18,379,734,8,Steel,Low,Warehouse,171,196,209,35,Mon-Fri 9am-5pm,1067,0.1272150017644825,0.0648486005546419,Flat-Rate,Gulbarga,Low_Consumption
2024-01-08 12:00:00,14,76,2.836564489745481,16,342,887,16,Wood,Medium,Warehouse,135,275,320,35,Sat-Sun 9am-5pm,1994,0.142580976888816,0.0782321107807895,Flat-Rate,Jamnagar,High_Consumption
2024-01-08 13:00:00,24,75,4.830975514849717,19,148,643,19,Concrete,High,Office,197,245,372,57,Mon-Fri 9am-5pm,1820,0.1190854350486267,0.0726961452984412,Time-of-Use,Ujjain,High_Consumption
2024-01-08 14:00:00,22,63,2.859193514874308,9,186,834,17,Concrete,Low,Warehouse,123,237,371,67,Mon-Fri 9am-5pm,1084,0.1466174921921435,0.0661717880347853,Time-of-Use,Loni,Low_Consumption
2024-01-08 15:00:00,21,43,1.2452457557799108,14,320,666,18,Concrete,Medium,Office,81,106,220,97,Sat-Sun 9am-5pm,1339,0.1089664338578488,0.0664464146325036,Flat-Rate,Siliguri,Medium_Consumption
2024-01-08 16:00:00,24,60,2.73564772366208,10,170,921,5,Brick,Low,Office,152,125,423,52,Sat-Sun 9am-5pm,1606,0.1314454206926742,0.0680278796813445,Flat-Rate,Jhansi,High_Consumption
2024-01-08 17:00:00,26,78,1.6537826488000311,6,290,581,9,Brick,Low,Warehouse,134,229,238,63,Mon-Fri 9am-5pm,1504,0.1361933942509393,0.0641282485305537,Time-of-Use,Ulhasnagar,High_Consumption
2024-01-08 18:00:00,28,58,4.2050985228500055,10,304,623,16,Steel,High,Warehouse,185,168,215,67,Mon-Fri 9am-5pm,1486,0.1212140407459796,0.0786203548684933,Flat-Rate,Jammu,Medium_Consumption
2024-01-08 19:00:00,11,52,2.211774976399151,9,139,787,16,Wood,Low,Warehouse,191,119,218,85,Mon-Fri 9am-5pm,1864,0.1126673590869699,0.0667788793813161,Flat-Rate,Sangli-Miraj & Kupwad,High_Consumption
2024-01-08 20:00:00,22,62,2.408629039330357,18,387,978,15,Brick,Low,Warehouse,55,102,300,34,Mon-Fri 9am-5pm,1084,0.1238713285320383,0.0625457483622038,Time-of-Use,Mangalore,Low_Consumption
2024-01-08 21:00:00,28,77,0.0672850873559227,13,489,600,6,Concrete,Medium,Warehouse,113,182,307,54,Sat-Sun 9am-5pm,1920,0.1064870108729085,0.0562832043938353,Flat-Rate,Erode,High_Consumption
2024-01-08 22:00:00,14,41,2.4643507527269786,8,253,696,16,Concrete,Medium,Warehouse,171,293,342,78,Mon-Fri 9am-5pm,1966,0.1123327404505836,0.0755746276303528,Flat-Rate,Belgaum,High_Consumption
2024-01-08 23:00:00,14,77,4.627676939779925,19,424,554,11,Concrete,Low,Office,119,194,492,41,Sat-Sun 9am-5pm,1834,0.1008501831991684,0.0536014658289692,Time-of-Use,Ambattur,High_Consumption
2024-01-09 00:00:00,26,73,3.319948393675105,19,396,847,11,Brick,Low,Office,156,246,432,41,Mon-Fri 9am-5pm,1490,0.1359708244119229,0.0758856041026307,Time-of-Use,Tirunelveli,Medium_Consumption
2024-01-09 01:00:00,18,40,0.9360313228879856,13,474,764,8,Concrete,High,Office,127,130,311,95,Sat-Sun 9am-5pm,1654,0.1263911468761667,0.0525121082059826,Time-of-Use,Malegaon,High_Consumption
2024-01-09 02:00:00,17,41,0.8446842676679578,18,468,748,10,Wood,Medium,Warehouse,174,295,488,84,Mon-Fri 9am-5pm,1813,0.1367276828743176,0.0701070981074988,Time-of-Use,Gaya,High_Consumption
2024-01-09 03:00:00,26,43,4.688912360215279,15,335,581,6,Concrete,Medium,Office,130,273,439,42,Mon-Fri 9am-5pm,1065,0.1329406669315515,0.0737671789913256,Time-of-Use,Jalgaon,Low_Consumption
2024-01-09 04:00:00,27,72,4.289216083811011,14,142,516,14,Wood,Low,Office,189,220,342,49,Mon-Fri 9am-5pm,1715,0.1246281135935531,0.0575846386257139,Flat-Rate,Udaipur,High_Consumption
2024-01-09 05:00:00,25,48,3.5381872273699044,15,165,571,15,Brick,Low,Warehouse,195,225,372,54,Sat-Sun 9am-5pm,1341,0.1031470966649345,0.0581688242484004,Time-of-Use,Maheshtala,Medium_Consumption
2024-01-09 06:00:00,26,50,3.146572812846929,9,264,663,14,Concrete,Low,Office,94,201,257,37,Sat-Sun 9am-5pm,1031,0.1070591146770565,0.0524475100994548,Time-of-Use,Davanagere,Low_Consumption
2024-01-09 07:00:00,29,51,3.943285772073926,7,336,528,12,Brick,Medium,Office,80,206,470,85,Sat-Sun 9am-5pm,1538,0.1172816939695519,0.0714081667865944,Flat-Rate,Kozhikode,High_Consumption
2024-01-09 08:00:00,19,76,0.9693552129179306,13,250,858,5,Steel,Low,Office,97,179,324,54,Sat-Sun 9am-5pm,1078,0.1208211018660397,0.0669925360267263,Time-of-Use,Akbarpur,Low_Consumption
2024-01-09 09:00:00,16,61,4.531664483740641,10,142,942,10,Steel,Low,Warehouse,145,281,271,87,Sat-Sun 9am-5pm,1912,0.1037841847972365,0.0757612669203778,Flat-Rate,Shanghai,High_Consumption
2024-01-09 10:00:00,29,62,3.4573775084165126,19,396,707,8,Concrete,Medium,Warehouse,116,210,247,71,Sat-Sun 9am-5pm,1976,0.1184772772703416,0.0606698874381156,Time-of-Use,Beijing,High_Consumption
2024-01-09 11:00:00,27,46,3.1785905289040093,15,205,831,8,Wood,Low,Office,134,222,306,60,Mon-Fri 9am-5pm,1702,0.1415275223495918,0.0679284340746311,Flat-Rate,Tianjin,High_Consumption
2024-01-09 12:00:00,15,40,2.8582780278761355,7,487,631,15,Wood,Medium,Office,171,116,302,78,Sat-Sun 9am-5pm,1165,0.1450990351392016,0.0552627037661266,Time-of-Use,Guangzhou,Low_Consumption
2024-01-09 13:00:00,16,50,4.840477614119318,6,448,995,11,Concrete,Low,Office,175,228,372,87,Mon-Fri 9am-5pm,1196,0.1128686860057548,0.0664853409656145,Flat-Rate,Shenzhen,Low_Consumption
2024-01-09 14:00:00,21,70,3.0593600550533,12,318,694,14,Concrete,Low,Warehouse,153,184,244,92,Sat-Sun 9am-5pm,1711,0.101946293325735,0.0745060485456877,Flat-Rate,Wuhan,High_Consumption
2024-01-09 15:00:00,15,66,4.408535544496895,16,105,641,11,Brick,High,Warehouse,54,135,221,36,Mon-Fri 9am-5pm,1594,0.1139072158970825,0.0765827717903395,Time-of-Use,Dongguan,High_Consumption
2024-01-09 16:00:00,17,52,1.1632506189385483,11,296,821,10,Wood,Low,Warehouse,68,110,418,58,Sat-Sun 9am-5pm,1301,0.1196129210816731,0.062088346446574,Time-of-Use,Chongqing,Medium_Consumption
2024-01-09 17:00:00,21,46,1.72262875132349,5,107,593,7,Concrete,Medium,Office,136,260,414,40,Sat-Sun 9am-5pm,1932,0.1218668266158466,0.0592225408766864,Flat-Rate,Chengdu,High_Consumption
2024-01-09 18:00:00,16,60,1.3898257517560793,14,376,668,8,Wood,High,Office,154,189,385,55,Mon-Fri 9am-5pm,1136,0.1473494615010078,0.0518119686615098,Time-of-Use,Nanjing,Low_Consumption
2024-01-09 19:00:00,26,50,1.8180471505321816,18,118,784,9,Brick,Medium,Warehouse,103,211,499,68,Mon-Fri 9am-5pm,1713,0.1428115571640911,0.052144900456297,Flat-Rate,Taiyuan,High_Consumption
2024-01-09 20:00:00,20,77,1.441938226235664,12,141,541,5,Wood,Medium,Office,122,248,377,63,Mon-Fri 9am-5pm,1746,0.1475757023528371,0.0509631872453817,Flat-Rate,Xian,High_Consumption
2024-01-09 21:00:00,23,47,4.821386998410434,7,217,529,5,Steel,Low,Office,127,149,349,70,Mon-Fri 9am-5pm,1103,0.1425478199415572,0.0611637203256624,Time-of-Use,Hangzhou,Low_Consumption
2024-01-09 22:00:00,17,63,0.4132136766765826,10,404,889,10,Steel,High,Office,179,272,275,97,Sat-Sun 9am-5pm,1257,0.1389117023630096,0.0569915385949896,Time-of-Use,Harbin,Medium_Consumption
2024-01-09 23:00:00,13,70,0.5821323978497467,7,370,556,7,Brick,Low,Warehouse,139,271,468,62,Sat-Sun 9am-5pm,1167,0.1333288960668772,0.0514392163485742,Time-of-Use,Suzhou,Low_Consumption
2024-01-10 00:00:00,10,63,4.150582850891208,9,174,965,7,Wood,Medium,Warehouse,175,186,316,62,Mon-Fri 9am-5pm,1260,0.1182565086176815,0.0784154760201898,Flat-Rate,Shantou,Medium_Consumption
2024-01-10 01:00:00,11,47,2.307569973399457,10,259,768,17,Brick,Medium,Office,72,161,364,46,Sat-Sun 9am-5pm,1715,0.1074461256395524,0.0619909249137633,Time-of-Use,Jinan,High_Consumption
2024-01-10 02:00:00,22,51,0.9741516729845624,17,427,779,18,Steel,High,Office,126,121,251,78,Sat-Sun 9am-5pm,1227,0.1112979916891598,0.0680581526829966,Flat-Rate,Shijiazhuang,Medium_Consumption
2024-01-10 03:00:00,27,65,3.1025007970709417,5,430,926,17,Concrete,High,Warehouse,88,176,419,44,Sat-Sun 9am-5pm,1752,0.1195361039401772,0.0568379117125253,Time-of-Use,Dalian,High_Consumption
2024-01-10 04:00:00,10,63,1.4562274506338602,6,104,516,5,Concrete,High,Warehouse,77,284,308,92,Mon-Fri 9am-5pm,1448,0.1074711066357636,0.0596508255496818,Flat-Rate,Zhengzhou,Medium_Consumption
2024-01-10 05:00:00,10,56,0.305865607742064,10,335,644,14,Concrete,Medium,Office,98,133,460,94,Sat-Sun 9am-5pm,1779,0.1111943093594028,0.0748570737552186,Flat-Rate,Qingdao,High_Consumption
2024-01-10 06:00:00,20,72,2.4500509163052837,19,310,878,7,Wood,Low,Office,160,136,315,67,Mon-Fri 9am-5pm,1652,0.1151317405375129,0.054418326177427,Flat-Rate,Ningbo,High_Consumption
2024-01-10 07:00:00,24,72,2.7783078159074504,9,297,604,16,Wood,High,Office,190,180,231,65,Sat-Sun 9am-5pm,1016,0.1255137780275504,0.0546277008633726,Flat-Rate,Shenyang,Low_Consumption
2024-01-10 08:00:00,20,47,3.059946914429164,13,252,934,16,Concrete,Medium,Office,98,264,281,45,Mon-Fri 9am-5pm,1583,0.1310985170943603,0.0778107132337323,Time-of-Use,Changsha,High_Consumption
2024-01-10 09:00:00,20,40,1.996380156933664,13,419,634,9,Wood,Low,Warehouse,63,130,200,53,Mon-Fri 9am-5pm,1087,0.1126739670626762,0.0756342418826238,Flat-Rate,Nanning,Low_Consumption
2024-01-10 10:00:00,19,78,1.4359120492382176,18,337,599,7,Brick,Low,Office,76,295,347,50,Mon-Fri 9am-5pm,1776,0.1130736154314011,0.0565244081805527,Flat-Rate,Xiamen,High_Consumption
2024-01-10 11:00:00,10,46,4.848753661296395,12,311,527,18,Wood,High,Office,86,118,277,80,Sat-Sun 9am-5pm,1248,0.1179808092838555,0.0558520259033056,Flat-Rate,Wenzhou,Medium_Consumption
2024-01-10 12:00:00,15,52,4.841147471498465,15,196,731,6,Concrete,High,Warehouse,170,179,414,61,Sat-Sun 9am-5pm,1057,0.1349707879565332,0.07270937615365,Flat-Rate,Changchun,Low_Consumption
2024-01-10 13:00:00,27,40,4.970062733222357,8,353,766,14,Concrete,High,Warehouse,180,181,359,42,Sat-Sun 9am-5pm,1295,0.1485679894410387,0.0624638307053359,Time-of-Use,Fuzhou,Medium_Consumption
2024-01-10 14:00:00,27,65,1.639785401125311,6,478,804,12,Concrete,High,Office,99,198,229,48,Sat-Sun 9am-5pm,1348,0.1011810090067158,0.0797041019377033,Flat-Rate,Guiyang,Medium_Consumption
2024-01-10 15:00:00,25,53,3.8334285255285208,6,311,770,8,Brick,High,Warehouse,183,206,201,32,Sat-Sun 9am-5pm,1919,0.1264268537463362,0.0695624071311924,Time-of-Use,Lanzhou,High_Consumption
2024-01-10 16:00:00,17,48,4.301081402028415,11,170,829,17,Wood,Low,Warehouse,113,293,326,89,Mon-Fri 9am-5pm,1847,0.1281439222603861,0.0618518558156771,Flat-Rate,Nanchang,High_Consumption
2024-01-10 17:00:00,17,55,3.831852201668743,9,213,692,11,Brick,High,Office,145,241,438,70,Mon-Fri 9am-5pm,1218,0.1221563051866641,0.0591852678066718,Time-of-Use,Hefei,Medium_Consumption
2024-01-10 18:00:00,22,43,0.7761110872198168,15,452,865,11,Concrete,Medium,Office,146,186,366,77,Mon-Fri 9am-5pm,1252,0.1489831856864852,0.0675542987128073,Time-of-Use,Haikou,Medium_Consumption
2024-01-10 19:00:00,16,51,4.155828455132782,8,459,695,14,Steel,Low,Office,52,109,245,60,Mon-Fri 9am-5pm,1536,0.1373967518888598,0.0651759523325019,Flat-Rate,Yinchuan,High_Consumption
2024-01-10 20:00:00,10,42,1.205753670741725,6,244,595,10,Wood,Low,Warehouse,167,253,385,58,Sat-Sun 9am-5pm,1699,0.1367273373326327,0.0771965773683887,Flat-Rate,Kunming,High_Consumption
2024-01-10 21:00:00,11,45,4.399251271419144,11,128,641,13,Brick,Medium,Office,159,265,331,84,Sat-Sun 9am-5pm,1878,0.1494833276035362,0.0744155560569316,Flat-Rate,Nanchong,High_Consumption
2024-01-10 22:00:00,22,51,3.001341262723911,17,416,851,8,Brick,High,Warehouse,68,194,432,64,Mon-Fri 9am-5pm,1926,0.1416542331045789,0.0663464452403078,Flat-Rate,Yantai,High_Consumption
2024-01-10 23:00:00,24,60,2.9123260189322533,10,278,897,11,Concrete,High,Office,90,143,226,33,Mon-Fri 9am-5pm,1866,0.1477772455234103,0.0726811200519368,Time-of-Use,Nantong,High_Consumption
2024-01-11 00:00:00,15,69,0.5446078525066156,12,311,718,16,Concrete,Low,Warehouse,93,139,487,72,Mon-Fri 9am-5pm,1536,0.1187082237023306,0.0698114754439803,Time-of-Use,Zhanjiang,High_Consumption
2024-01-11 01:00:00,17,54,4.718442859100554,19,247,966,5,Wood,Medium,Office,109,261,341,88,Sat-Sun 9am-5pm,1677,0.1336431860373183,0.0601826887343393,Time-of-Use,Huaian,High_Consumption
2024-01-11 02:00:00,24,75,4.033513794628582,19,230,593,11,Brick,Low,Office,134,199,209,86,Sat-Sun 9am-5pm,1963,0.1162302930087417,0.0554897313674055,Time-of-Use,Shaoxing,High_Consumption
2024-01-11 03:00:00,28,54,0.7150167723400419,12,392,580,15,Wood,Low,Office,102,168,408,73,Sat-Sun 9am-5pm,1291,0.130033837045769,0.0570646394103442,Time-of-Use,Zibo,Medium_Consumption
2024-01-11 04:00:00,28,43,4.015401262599008,12,456,872,14,Wood,High,Warehouse,179,267,255,99,Sat-Sun 9am-5pm,1510,0.140471161913678,0.0559258278284809,Flat-Rate,Linyi,High_Consumption
2024-01-11 05:00:00,11,76,1.8231884711734725,13,466,687,14,Concrete,High,Office,97,151,297,89,Mon-Fri 9am-5pm,1596,0.1014720631081622,0.0710218398215547,Flat-Rate,Wuxi,High_Consumption
2024-01-11 06:00:00,28,56,0.0675559012809995,9,349,723,6,Wood,High,Office,70,103,344,64,Mon-Fri 9am-5pm,1310,0.1065879980195181,0.0623542055900191,Time-of-Use,Yangzhou,Medium_Consumption
2024-01-11 07:00:00,22,59,2.91264956738126,16,318,683,9,Wood,High,Warehouse,60,216,361,36,Mon-Fri 9am-5pm,1984,0.103831013887379,0.0621359869810087,Time-of-Use,Changzhou,High_Consumption
2024-01-11 08:00:00,13,66,4.359441004229017,14,276,981,14,Wood,Low,Warehouse,63,263,344,70,Mon-Fri 9am-5pm,1558,0.1220690522111366,0.0581788756106737,Time-of-Use,Taizhou,High_Consumption
2024-01-11 09:00:00,29,63,0.7604519147257305,19,306,506,17,Concrete,High,Office,136,245,252,74,Mon-Fri 9am-5pm,1581,0.1381349703799602,0.062744958507681,Flat-Rate,Nantong,High_Consumption
2024-01-11 10:00:00,20,59,0.1608654572366102,13,255,528,7,Brick,High,Warehouse,99,211,358,51,Sat-Sun 9am-5pm,1901,0.1119068061386332,0.0728199517827208,Flat-Rate,Jiangmen,High_Consumption
2024-01-11 11:00:00,26,59,3.1834267847779207,8,463,505,6,Wood,Low,Warehouse,86,132,499,33,Mon-Fri 9am-5pm,1204,0.1320089925966419,0.0772121396498445,Flat-Rate,Zhangzhou,Medium_Consumption
2024-01-11 12:00:00,15,79,4.925901838147117,18,286,589,6,Concrete,High,Warehouse,107,241,217,90,Mon-Fri 9am-5pm,1632,0.1478000713106143,0.050154448567169,Time-of-Use,Guilin,High_Consumption
2024-01-11 13:00:00,20,69,0.349466280226508,8,369,863,13,Wood,Low,Office,120,120,291,74,Sat-Sun 9am-5pm,1022,0.1418620489092401,0.0640982194077056,Time-of-Use,Xuzhou,Low_Consumption
2024-01-11 14:00:00,22,45,3.3199428373653364,12,364,919,18,Brick,Low,Warehouse,79,221,406,58,Mon-Fri 9am-5pm,1028,0.1116306846961654,0.0546038069564476,Time-of-Use,Huizhou,Low_Consumption
2024-01-11 15:00:00,15,61,3.6435590897454415,8,444,528,18,Wood,High,Warehouse,174,114,410,48,Mon-Fri 9am-5pm,1498,0.143972364224684,0.0633759548565092,Flat-Rate,Jilin,Medium_Consumption
2024-01-11 16:00:00,17,53,4.053780028116774,10,160,632,12,Brick,Medium,Warehouse,86,175,392,93,Mon-Fri 9am-5pm,1537,0.1368471727050155,0.0659810135199787,Time-of-Use,Wuhu,High_Consumption
2024-01-11 17:00:00,15,68,3.789464569740441,11,177,782,11,Concrete,Low,Office,56,108,424,49,Mon-Fri 9am-5pm,1463,0.1138062234992404,0.0656382889999955,Flat-Rate,Foshan,Medium_Consumption
2024-01-11 18:00:00,17,43,2.41041717442438,12,324,571,19,Steel,Medium,Warehouse,54,227,476,89,Mon-Fri 9am-5pm,1565,0.1479234132414389,0.0610235392741399,Flat-Rate,Yichang,High_Consumption
2024-01-11 19:00:00,22,73,3.956143007395838,6,198,607,11,Concrete,Medium,Office,63,175,230,76,Mon-Fri 9am-5pm,1192,0.1163005035216299,0.0554579102879613,Flat-Rate,Luoyang,Low_Consumption
2024-01-11 20:00:00,28,40,2.661273414214376,10,365,633,7,Brick,High,Office,98,105,266,98,Sat-Sun 9am-5pm,1116,0.1302214859663597,0.0723233772274828,Flat-Rate,Anshan,Low_Consumption
2024-01-11 21:00:00,25,75,0.4183013201910568,13,347,545,10,Wood,Low,Office,56,259,427,98,Sat-Sun 9am-5pm,1103,0.1102787375797808,0.0769689476161931,Flat-Rate,Nanchang,Low_Consumption
2024-01-11 22:00:00,20,75,0.9632088558073476,11,104,955,10,Steel,Medium,Warehouse,63,149,485,36,Mon-Fri 9am-5pm,1091,0.1410729911828285,0.0672278664006268,Time-of-Use,Changzhi,Low_Consumption
2024-01-11 23:00:00,13,41,0.1517108068995581,12,437,667,10,Brick,Low,Warehouse,151,101,263,99,Sat-Sun 9am-5pm,1626,0.1334108819690263,0.0608309119104003,Time-of-Use,Wuhu,High_Consumption
2024-01-12 00:00:00,13,54,0.3831768503336674,19,160,755,17,Brick,Low,Office,142,154,477,73,Sat-Sun 9am-5pm,1573,0.1495298745887021,0.0636577323758046,Time-of-Use,Maoming,High_Consumption
2024-01-12 01:00:00,29,58,2.4194397076268443,15,209,566,18,Steel,Low,Warehouse,160,283,219,71,Sat-Sun 9am-5pm,1395,0.1160869848869391,0.0642647344463802,Time-of-Use,Liuzhou,Medium_Consumption
2024-01-12 02:00:00,17,58,0.073796829660816,5,347,997,15,Concrete,Low,Office,62,175,399,71,Sat-Sun 9am-5pm,1201,0.1258043017828287,0.0658917607643818,Time-of-Use,Datong,Medium_Consumption
2024-01-12 03:00:00,26,42,0.4439852399502075,11,275,595,12,Brick,Low,Office,182,190,450,48,Sat-Sun 9am-5pm,1895,0.1444731724796058,0.0659997714917564,Time-of-Use,Xiangyang,High_Consumption
2024-01-12 04:00:00,11,48,1.7405531580800253,11,149,983,10,Wood,High,Office,139,104,422,80,Sat-Sun 9am-5pm,1330,0.13913891348652,0.0613031745320333,Time-of-Use,Shaoyang,Medium_Consumption
2024-01-12 05:00:00,29,77,0.9496780474051923,15,208,867,13,Steel,Medium,Office,151,207,473,75,Mon-Fri 9am-5pm,1781,0.10481206355821,0.0722645709046971,Time-of-Use,Xiangtan,High_Consumption
2024-01-12 06:00:00,19,70,0.4673867865265096,19,182,585,13,Brick,Low,Office,86,291,225,82,Mon-Fri 9am-5pm,1436,0.1227658062950386,0.0584540644143941,Time-of-Use,Shangrao,Medium_Consumption
2024-01-12 07:00:00,13,45,4.80402772558541,19,176,589,6,Concrete,Medium,Warehouse,162,243,237,52,Mon-Fri 9am-5pm,1359,0.1101145432378271,0.0680239904236854,Time-of-Use,Luohe,Medium_Consumption
2024-01-12 08:00:00,22,57,1.5525278176389812,19,407,918,11,Brick,High,Warehouse,53,277,395,33,Sat-Sun 9am-5pm,1023,0.1499004069021258,0.0734463405471862,Flat-Rate,Huaian,Low_Consumption
2024-01-12 09:00:00,28,65,2.898987589242865,11,139,644,9,Concrete,Low,Office,70,147,314,65,Mon-Fri 9am-5pm,1866,0.1235003221008484,0.0681428304296878,Flat-Rate,Jinzhou,High_Consumption
2024-01-12 10:00:00,12,41,1.9914060755771743,17,478,907,8,Brick,High,Office,178,154,223,96,Sat-Sun 9am-5pm,1051,0.111831628518228,0.0705634402613344,Flat-Rate,Huangshi,Low_Consumption
2024-01-12 11:00:00,10,47,1.0533965512570955,17,188,783,16,Brick,High,Office,99,277,496,65,Sat-Sun 9am-5pm,1138,0.1216185708927633,0.0696014338256732,Time-of-Use,Nantong,Low_Consumption
2024-01-12 12:00:00,10,43,4.792024853431049,9,118,693,10,Concrete,High,Office,120,161,479,34,Sat-Sun 9am-5pm,1625,0.1133203736367754,0.0522735462509165,Flat-Rate,Yueyang,High_Consumption
2024-01-12 13:00:00,20,79,4.160550703022479,16,150,942,5,Wood,Medium,Warehouse,153,130,451,66,Mon-Fri 9am-5pm,1823,0.1478761827672588,0.0591191575512506,Flat-Rate,Jingdezhen,High_Consumption
2024-01-12 14:00:00,23,51,2.949925397198283,9,215,707,5,Steel,High,Warehouse,69,156,207,55,Sat-Sun 9am-5pm,1814,0.1249091945182562,0.0746830176298115,Flat-Rate,Suqian,High_Consumption
2024-01-12 15:00:00,13,57,3.8320115710451184,10,196,911,18,Steel,Low,Office,144,285,226,44,Sat-Sun 9am-5pm,1190,0.1114746781754423,0.0627297163278211,Time-of-Use,Dongying,Low_Consumption
2024-01-12 16:00:00,15,71,0.9837361919064258,8,277,761,16,Concrete,Medium,Warehouse,176,217,269,61,Sat-Sun 9am-5pm,1577,0.1182051349485105,0.0541874050431417,Flat-Rate,Tongliao,High_Consumption
2024-01-12 17:00:00,23,51,4.714561141397912,5,199,887,15,Brick,Low,Office,53,147,288,46,Mon-Fri 9am-5pm,1099,0.1442468812965998,0.0784117784646505,Time-of-Use,Jining,Low_Consumption
2024-01-12 18:00:00,22,67,1.6956333331026991,19,222,841,13,Concrete,Medium,Office,84,223,490,45,Sat-Sun 9am-5pm,1439,0.1484398343102355,0.074044100656332,Flat-Rate,Hengyang,Medium_Consumption
2024-01-12 19:00:00,13,54,4.701999998485025,8,387,965,8,Concrete,Low,Office,100,163,452,31,Sat-Sun 9am-5pm,1570,0.1218377966256902,0.0793454606025511,Flat-Rate,Xiangyang,High_Consumption
2024-01-12 20:00:00,12,44,2.0040952858661947,5,154,990,19,Steel,High,Office,126,246,465,55,Sat-Sun 9am-5pm,1892,0.1116439768085511,0.0552846988068248,Time-of-Use,Chaozhou,High_Consumption
2024-01-12 21:00:00,21,57,0.3924773797125341,18,335,748,7,Wood,High,Warehouse,140,142,302,44,Sat-Sun 9am-5pm,1428,0.1193209248512855,0.0721996792271402,Flat-Rate,Huzhou,Medium_Consumption
2024-01-12 22:00:00,24,64,3.1701977288405123,16,408,708,18,Wood,Medium,Office,190,207,363,85,Sat-Sun 9am-5pm,1983,0.1053059358013899,0.0585985976964787,Time-of-Use,Suining,High_Consumption
2024-01-12 23:00:00,10,62,1.0142899237136975,6,397,764,13,Wood,Medium,Warehouse,64,268,468,95,Sat-Sun 9am-5pm,1350,0.1047992799613965,0.0525385221216191,Flat-Rate,Wuhai,Medium_Consumption
2024-01-13 00:00:00,26,44,2.587334973571947,8,364,606,13,Brick,Medium,Warehouse,113,148,451,92,Mon-Fri 9am-5pm,1558,0.1479062213500135,0.0684851578929961,Time-of-Use,Jiamusi,High_Consumption
2024-01-13 01:00:00,26,52,1.7493041296189742,18,362,832,10,Wood,High,Office,97,222,477,53,Mon-Fri 9am-5pm,1368,0.1471977653216001,0.0694039391601527,Flat-Rate,Yangzhou,Medium_Consumption
2024-01-13 02:00:00,18,67,2.849310220437759,11,371,982,19,Brick,High,Warehouse,147,265,483,62,Mon-Fri 9am-5pm,1227,0.1121072050290377,0.0676400181691569,Time-of-Use,Lianyungang,Medium_Consumption
2024-01-13 03:00:00,28,49,1.017396443678769,7,321,892,14,Concrete,High,Office,146,258,422,87,Mon-Fri 9am-5pm,1711,0.1254790712120316,0.0580743524382949,Flat-Rate,Hulunbuir,High_Consumption
2024-01-13 04:00:00,13,64,2.831467520963778,7,356,550,5,Steel,High,Warehouse,70,170,308,85,Mon-Fri 9am-5pm,1415,0.1065704235180438,0.0562347817070602,Flat-Rate,Yulin,Medium_Consumption
2024-01-13 05:00:00,17,57,2.970909619353645,18,229,976,19,Concrete,High,Warehouse,53,124,439,67,Sat-Sun 9am-5pm,1608,0.1492218354566243,0.0680253878674944,Time-of-Use,Guangyuan,High_Consumption
2024-01-13 06:00:00,28,76,1.8895531294811407,6,115,874,10,Concrete,High,Warehouse,98,164,381,33,Sat-Sun 9am-5pm,1294,0.1449860605601081,0.0716944080249971,Flat-Rate,Yanbian Korean Autonomous Prefecture,Medium_Consumption
2024-01-13 07:00:00,18,66,4.49258698828276,16,379,526,14,Wood,High,Office,192,253,259,88,Sat-Sun 9am-5pm,1188,0.1397721549189103,0.0759617060718171,Flat-Rate,Meizhou,Low_Consumption
2024-01-13 08:00:00,28,58,0.1532710563413131,17,132,704,18,Brick,High,Office,154,252,479,67,Mon-Fri 9am-5pm,1036,0.1162918155170922,0.0765877698608481,Flat-Rate,Jiaxing,Low_Consumption
2024-01-13 09:00:00,23,56,2.1024067755512914,18,371,882,13,Concrete,High,Office,67,177,371,97,Mon-Fri 9am-5pm,1607,0.121359572569483,0.0627851551698407,Flat-Rate,Yancheng,High_Consumption
2024-01-13 10:00:00,11,43,1.0165022402944912,11,286,725,12,Wood,Medium,Warehouse,136,279,419,31,Sat-Sun 9am-5pm,1672,0.1175707018210986,0.0755923639777624,Flat-Rate,Bijie,High_Consumption
2024-01-13 11:00:00,12,73,4.383229702986405,16,473,887,18,Brick,Low,Warehouse,144,187,241,59,Mon-Fri 9am-5pm,1614,0.1497062484119597,0.070576451511864,Time-of-Use,Hegang,High_Consumption
2024-01-13 12:00:00,16,41,2.7647764611714525,11,199,877,11,Brick,High,Warehouse,137,201,338,91,Sat-Sun 9am-5pm,1605,0.1108414682710823,0.0640253270997578,Flat-Rate,London,High_Consumption
2024-01-13 13:00:00,25,75,0.2399927077055641,16,460,555,13,Brick,High,Office,122,109,382,96,Mon-Fri 9am-5pm,1856,0.1067202755136098,0.0727411644788256,Time-of-Use,Birmingham,High_Consumption
2024-01-13 14:00:00,20,40,2.793813094043816,15,273,796,11,Brick,Low,Warehouse,123,183,293,94,Mon-Fri 9am-5pm,1359,0.1461703991081489,0.05249518068867,Time-of-Use,Leeds,Medium_Consumption
2024-01-13 15:00:00,23,46,2.060433122724627,19,272,583,18,Concrete,Low,Office,56,170,278,70,Mon-Fri 9am-5pm,1714,0.109345808340056,0.0719077181693508,Time-of-Use,Glasgow,High_Consumption
2024-01-13 16:00:00,17,48,1.5839519769262844,7,171,956,11,Concrete,High,Office,199,195,321,42,Sat-Sun 9am-5pm,1262,0.1357240110652182,0.0523213475233636,Time-of-Use,Sheffield,Medium_Consumption
2024-01-13 17:00:00,26,60,2.6242961241427105,10,211,695,16,Concrete,High,Warehouse,59,233,415,71,Mon-Fri 9am-5pm,1600,0.1092354469653954,0.0612672629945239,Flat-Rate,Bradford,High_Consumption
2024-01-13 18:00:00,27,64,4.275124121347968,14,372,583,6,Steel,Medium,Warehouse,180,153,203,71,Sat-Sun 9am-5pm,1841,0.112969668011767,0.068838065431701,Flat-Rate,Manchester,High_Consumption
2024-01-13 19:00:00,27,65,3.4109503009859443,17,254,864,6,Brick,Medium,Office,55,107,250,30,Sat-Sun 9am-5pm,1219,0.1493222437993333,0.0693650692463962,Time-of-Use,Liverpool,Medium_Consumption
2024-01-13 20:00:00,27,55,2.306145905574804,18,272,850,9,Wood,Low,Warehouse,182,156,211,72,Sat-Sun 9am-5pm,1165,0.1441591633719814,0.067920686824414,Flat-Rate,Edinburgh,Low_Consumption
2024-01-13 21:00:00,25,50,3.061965605319692,18,341,780,18,Wood,Low,Office,102,135,286,90,Mon-Fri 9am-5pm,1212,0.1069771260884721,0.0772277358282513,Flat-Rate,Bristol,Medium_Consumption
2024-01-13 22:00:00,11,73,4.354722823319272,10,269,598,13,Brick,Low,Office,68,120,258,46,Sat-Sun 9am-5pm,1431,0.1199742759209815,0.0646133937316511,Flat-Rate,Cardiff,Medium_Consumption
2024-01-13 23:00:00,12,62,4.905405847294951,8,400,683,18,Brick,Low,Office,63,221,314,67,Sat-Sun 9am-5pm,1112,0.1223017520242063,0.0761045348486804,Flat-Rate,Leicester,Low_Consumption
2024-01-14 00:00:00,21,55,1.1862412603172716,17,258,694,13,Concrete,Medium,Warehouse,159,244,477,57,Sat-Sun 9am-5pm,1004,0.1213212004389394,0.0680417741840239,Flat-Rate,Wakefield,Low_Consumption
2024-01-14 01:00:00,15,51,2.691750774424487,9,306,964,17,Concrete,Low,Warehouse,90,154,210,37,Sat-Sun 9am-5pm,1066,0.1284106693192704,0.0689044177986805,Flat-Rate,Coventry,Low_Consumption
2024-01-14 02:00:00,21,45,2.1986841612855907,15,213,563,18,Concrete,High,Warehouse,188,116,400,80,Mon-Fri 9am-5pm,1934,0.1227074677525287,0.0788523628616676,Time-of-Use,Nottingham,High_Consumption
2024-01-14 03:00:00,22,59,3.430534281850582,14,312,939,9,Concrete,Low,Warehouse,110,220,351,77,Mon-Fri 9am-5pm,1201,0.139419076239538,0.0558405428525529,Flat-Rate,Newcastle upon Tyne,Medium_Consumption
2024-01-14 04:00:00,18,40,4.356503877209534,6,203,619,13,Wood,High,Office,93,229,290,93,Mon-Fri 9am-5pm,1696,0.1337494471364755,0.0570863084661577,Flat-Rate,Sunderland,High_Consumption
2024-01-14 05:00:00,12,43,4.934878552609356,6,370,919,5,Wood,Medium,Warehouse,112,121,393,73,Sat-Sun 9am-5pm,1118,0.1067527901564181,0.0533556043139294,Time-of-Use,Belfast,Low_Consumption
2024-01-14 06:00:00,12,62,2.5321693798729457,12,321,994,14,Concrete,Low,Office,133,116,275,42,Sat-Sun 9am-5pm,1048,0.1293122901125325,0.0574835598606204,Flat-Rate,Brighton,Low_Consumption
2024-01-14 07:00:00,11,41,2.9496169056396933,6,292,662,11,Concrete,High,Office,168,150,429,75,Sat-Sun 9am-5pm,1410,0.1429177991003078,0.0674110461479595,Time-of-Use,Hull,Medium_Consumption
2024-01-14 08:00:00,25,75,3.850362615889584,13,308,713,10,Steel,High,Office,68,169,304,94,Mon-Fri 9am-5pm,1063,0.1261671347036274,0.052720974175998,Flat-Rate,Plymouth,Low_Consumption
2024-01-14 09:00:00,23,43,0.4216143307551895,6,228,747,10,Steel,Medium,Warehouse,124,169,376,42,Sat-Sun 9am-5pm,1443,0.142940209765826,0.0592024302241103,Flat-Rate,Stoke-on-Trent,Medium_Consumption
2024-01-14 10:00:00,28,74,4.033512082893289,13,393,736,18,Brick,Medium,Warehouse,143,182,243,64,Mon-Fri 9am-5pm,1623,0.1281238317452237,0.0576986079565369,Flat-Rate,Wolverhampton,High_Consumption
2024-01-14 11:00:00,18,58,3.841991747128045,7,383,668,13,Wood,Medium,Warehouse,53,150,359,37,Mon-Fri 9am-5pm,1904,0.1291528768175193,0.0532009036688427,Flat-Rate,Derby,High_Consumption
2024-01-14 12:00:00,29,74,1.1252192775104497,17,465,670,19,Wood,Low,Warehouse,89,196,230,87,Sat-Sun 9am-5pm,1165,0.1014410957663243,0.0533034270168711,Time-of-Use,Swansea,Low_Consumption
2024-01-14 13:00:00,26,52,4.828641426102707,14,133,668,5,Concrete,Low,Warehouse,81,268,361,35,Sat-Sun 9am-5pm,1889,0.1495228986202502,0.0690535338062697,Flat-Rate,Southampton,High_Consumption
2024-01-14 14:00:00,21,66,1.615574104829555,17,253,601,9,Brick,Low,Warehouse,158,131,347,83,Mon-Fri 9am-5pm,1285,0.1442984660141684,0.0582182923964282,Flat-Rate,Aberdeen,Medium_Consumption
2024-01-14 15:00:00,29,45,4.458832532141708,17,137,884,6,Concrete,Medium,Office,184,111,353,37,Sat-Sun 9am-5pm,1958,0.1264022086708963,0.0796956245405282,Flat-Rate,Portsmouth,High_Consumption
2024-01-14 16:00:00,13,58,4.614130410662123,14,481,642,5,Steel,Low,Office,137,176,444,71,Mon-Fri 9am-5pm,1573,0.1075812079698858,0.0749101396922562,Time-of-Use,York,High_Consumption
2024-01-14 17:00:00,15,52,0.1623334877265181,18,207,609,15,Concrete,Medium,Warehouse,81,294,407,44,Sat-Sun 9am-5pm,1556,0.1280228602862406,0.0604302812834208,Flat-Rate,Peterborough,High_Consumption
2024-01-14 18:00:00,25,48,3.658204242662376,14,185,681,5,Wood,Medium,Warehouse,182,198,228,37,Mon-Fri 9am-5pm,1474,0.1223917953392997,0.0564389637159971,Flat-Rate,Dundee,Medium_Consumption
2024-01-14 19:00:00,11,40,0.7785233756140703,7,471,720,8,Wood,Low,Office,125,220,285,66,Sat-Sun 9am-5pm,1723,0.1162664585209275,0.0642110039294881,Flat-Rate,Lancaster,High_Consumption
2024-01-14 20:00:00,19,46,4.11299142724577,6,296,744,16,Steel,Low,Warehouse,58,179,382,92,Mon-Fri 9am-5pm,1247,0.1196268103066511,0.0616810785214389,Flat-Rate,Oxford,Medium_Consumption
2024-01-14 21:00:00,12,64,4.883865174243981,13,350,819,7,Steel,Low,Warehouse,104,113,360,65,Mon-Fri 9am-5pm,1310,0.1294722068783648,0.0505846404124503,Flat-Rate,Newport,Medium_Consumption
2024-01-14 22:00:00,14,61,0.7805169494450126,6,384,825,12,Brick,Low,Warehouse,150,162,453,82,Sat-Sun 9am-5pm,1517,0.1345604947916186,0.0515871818675832,Flat-Rate,Preston,High_Consumption
2024-01-14 23:00:00,16,40,2.313652313866398,19,118,732,16,Brick,High,Office,78,256,478,98,Mon-Fri 9am-5pm,1301,0.1286587878034288,0.0684475059605257,Flat-Rate,St Albans,Medium_Consumption
2024-01-15 00:00:00,13,62,4.968695571125179,19,106,591,15,Steel,High,Warehouse,114,229,494,99,Sat-Sun 9am-5pm,1073,0.1252025495993769,0.0630138185080252,Flat-Rate,Norwich,Low_Consumption
2024-01-15 01:00:00,20,61,0.0601260400141984,15,437,860,15,Steel,High,Warehouse,197,251,345,47,Mon-Fri 9am-5pm,1462,0.1381006702479899,0.0782068818951196,Flat-Rate,Chester,Medium_Consumption
2024-01-15 02:00:00,15,59,0.3513831191653166,13,119,681,7,Wood,Medium,Warehouse,85,286,257,99,Mon-Fri 9am-5pm,1240,0.117030799857842,0.0783719277669045,Flat-Rate,Cambridge,Medium_Consumption
2024-01-15 03:00:00,12,73,2.6613316057241354,7,269,678,18,Concrete,Low,Warehouse,121,131,423,30,Mon-Fri 9am-5pm,1853,0.1447939702944113,0.0563108733903653,Time-of-Use,Salisbury,High_Consumption
2024-01-15 04:00:00,12,50,3.014567316325328,15,466,663,11,Wood,Low,Office,85,286,397,77,Sat-Sun 9am-5pm,1035,0.139302308914085,0.0616509917456602,Flat-Rate,Exeter,Low_Consumption
2024-01-15 05:00:00,10,71,0.1146708153793535,6,149,508,14,Brick,Medium,Office,76,188,301,92,Sat-Sun 9am-5pm,1887,0.1113872673536676,0.071934758152974,Time-of-Use,Gloucester,High_Consumption
2024-01-15 06:00:00,26,63,4.881139651091845,19,259,864,9,Wood,Low,Warehouse,161,163,411,41,Mon-Fri 9am-5pm,1093,0.1070467887533273,0.0770463130371602,Time-of-Use,Lisburn,Low_Consumption
2024-01-15 07:00:00,16,44,0.0471268682868036,11,469,752,6,Brick,Low,Office,56,220,465,58,Mon-Fri 9am-5pm,1793,0.1246857293088596,0.0638529076436162,Time-of-Use,Chichester,High_Consumption
2024-01-15 08:00:00,24,45,0.0574784571042025,14,421,964,17,Brick,Medium,Warehouse,178,226,470,44,Sat-Sun 9am-5pm,1246,0.1343122638764559,0.0792664442775432,Flat-Rate,Winchester,Medium_Consumption
2024-01-15 09:00:00,29,55,2.2484012354134486,19,300,729,18,Brick,Low,Office,152,266,253,54,Mon-Fri 9am-5pm,1254,0.1417737145552611,0.0578233179021932,Flat-Rate,Derry,Medium_Consumption
2024-01-15 10:00:00,15,63,4.9033880857636,8,257,784,18,Concrete,Medium,Office,102,170,282,92,Mon-Fri 9am-5pm,1738,0.1482867006685135,0.0642190682591219,Flat-Rate,Armagh,High_Consumption
2024-01-15 11:00:00,16,41,0.0692296179163742,11,249,733,6,Wood,Low,Office,119,151,302,76,Sat-Sun 9am-5pm,1299,0.1361513181202809,0.0519738772197689,Flat-Rate,Bangor,Medium_Consumption
2024-01-15 12:00:00,23,48,0.998023854526648,18,337,506,15,Steel,High,Warehouse,152,239,315,64,Mon-Fri 9am-5pm,1567,0.1279659415874429,0.0560076702137794,Time-of-Use,Newry,High_Consumption
2024-01-15 13:00:00,25,60,0.3018009149435752,19,233,656,8,Brick,Medium,Office,148,128,214,89,Sat-Sun 9am-5pm,1529,0.1071894433876656,0.0603633981185641,Flat-Rate,Londonderry,High_Consumption
2024-01-15 14:00:00,24,62,2.71449483635575,15,248,573,7,Steel,High,Warehouse,140,291,227,86,Sat-Sun 9am-5pm,1340,0.1067147707284846,0.07119583438882,Time-of-Use,Saint Asaph,Medium_Consumption
2024-01-15 15:00:00,23,78,1.4645916710070028,17,176,607,16,Concrete,Medium,Warehouse,126,292,336,80,Mon-Fri 9am-5pm,1613,0.1462768384347004,0.072450019286534,Time-of-Use,Truro,High_Consumption
2024-01-15 16:00:00,10,43,4.92513589990315,18,227,846,18,Concrete,Medium,Warehouse,167,106,307,66,Mon-Fri 9am-5pm,1782,0.111755914418349,0.0572678744282568,Flat-Rate,Ely,High_Consumption
2024-01-15 17:00:00,16,65,4.871669969059819,11,110,927,15,Steel,High,Warehouse,198,179,409,48,Sat-Sun 9am-5pm,1588,0.1139619814854198,0.0674748356914261,Time-of-Use,Wells,High_Consumption
2024-01-15 18:00:00,11,79,1.9409442486037336,6,270,811,12,Steel,High,Warehouse,154,137,395,90,Sat-Sun 9am-5pm,1045,0.1452395835693824,0.0760453936060348,Flat-Rate,St Davids,Low_Consumption
2024-01-15 19:00:00,11,78,0.9555225194770278,12,342,587,10,Brick,High,Warehouse,104,277,250,88,Sat-Sun 9am-5pm,1997,0.1390762539330136,0.0552277240468923,Time-of-Use,Ripon,High_Consumption
2024-01-15 20:00:00,17,76,4.511064431672834,12,387,512,10,Brick,High,Warehouse,90,185,333,45,Sat-Sun 9am-5pm,1625,0.1491395440350665,0.0523752324565102,Flat-Rate,Inverness,High_Consumption
2024-01-15 21:00:00,13,47,2.75497864446882,8,238,810,16,Wood,Low,Warehouse,65,170,250,41,Sat-Sun 9am-5pm,1857,0.1131417754249178,0.0591332712015751,Time-of-Use,Stirling,High_Consumption
2024-01-15 22:00:00,24,55,4.85760773293991,6,480,671,7,Wood,Low,Office,183,160,486,64,Sat-Sun 9am-5pm,1301,0.1096745505893741,0.0540041157406573,Time-of-Use,Dumfries,Medium_Consumption
2024-01-15 23:00:00,13,53,0.2597278638263517,14,409,793,13,Brick,High,Warehouse,116,119,248,47,Sat-Sun 9am-5pm,1211,0.1354486430645784,0.0636026609177208,Time-of-Use,Perth,Medium_Consumption
2024-01-16 00:00:00,21,58,3.3475809827122784,16,200,708,10,Brick,Low,Office,114,209,325,75,Sat-Sun 9am-5pm,1031,0.1092481507807296,0.0506795685203339,Flat-Rate,Fort William,Low_Consumption
2024-01-16 01:00:00,22,65,0.8188181190002758,7,157,825,6,Concrete,Low,Office,180,165,266,66,Mon-Fri 9am-5pm,1215,0.1075968107143762,0.0705699928435165,Flat-Rate,Lerwick,Medium_Consumption
2024-01-16 02:00:00,23,44,2.665487807451666,17,234,998,6,Wood,High,Warehouse,191,293,371,83,Mon-Fri 9am-5pm,1191,0.1281777185079489,0.0601711485168506,Flat-Rate,Kirkwall,Low_Consumption
2024-01-16 03:00:00,27,71,2.818157419743048,9,413,794,17,Concrete,Medium,Warehouse,78,193,239,87,Sat-Sun 9am-5pm,1152,0.1365974344301754,0.0647539935285013,Time-of-Use,Kilmarnock,Low_Consumption
2024-01-16 04:00:00,17,73,0.303416476521211,8,439,813,19,Steel,Low,Office,75,290,487,63,Sat-Sun 9am-5pm,1738,0.1290886560606213,0.0601744837918864,Time-of-Use,Ayr,High_Consumption
2024-01-16 05:00:00,29,65,3.1580530923688515,17,122,546,13,Steel,Medium,Warehouse,121,251,284,48,Mon-Fri 9am-5pm,1923,0.1124398553865116,0.078926994048525,Flat-Rate,Galashiels,High_Consumption
2024-01-16 06:00:00,14,75,1.613423308354904,5,414,717,7,Steel,Medium,Office,194,105,276,53,Sat-Sun 9am-5pm,1312,0.1465668466657512,0.0731392542062699,Time-of-Use,Hawick,Medium_Consumption
2024-01-16 07:00:00,19,78,0.8738831991362117,5,131,675,15,Brick,High,Warehouse,187,105,242,63,Mon-Fri 9am-5pm,1774,0.1421010461297757,0.0602832640191787,Flat-Rate,Selkirk,High_Consumption
2024-01-16 08:00:00,15,64,1.6380620815030462,5,131,795,13,Steel,High,Warehouse,191,194,483,52,Mon-Fri 9am-5pm,1377,0.1369206800380075,0.0732126549856056,Flat-Rate,Cupar,Medium_Consumption
2024-01-16 09:00:00,18,53,3.551260110359607,8,151,651,11,Wood,Low,Office,84,123,263,69,Sat-Sun 9am-5pm,1511,0.1449935311437247,0.0665178115008673,Time-of-Use,Crieff,High_Consumption
2024-01-16 10:00:00,10,58,0.978430321960107,15,173,559,7,Wood,Medium,Warehouse,160,298,273,40,Sat-Sun 9am-5pm,1493,0.1420723131129179,0.0749680643144742,Flat-Rate,Oban,Medium_Consumption
2024-01-16 11:00:00,18,69,2.1589342871304384,17,186,808,15,Steel,High,Warehouse,77,148,352,77,Mon-Fri 9am-5pm,1846,0.1423438020026354,0.0612506781313845,Flat-Rate,Kirkcudbright,High_Consumption
2024-01-16 12:00:00,15,45,1.8416579818681131,16,327,895,13,Concrete,Medium,Office,137,230,461,85,Mon-Fri 9am-5pm,1319,0.1194683856509516,0.0598147984318578,Time-of-Use,Newton Stewart,Medium_Consumption
2024-01-16 13:00:00,16,52,2.254656696426186,19,117,576,17,Brick,Low,Warehouse,69,156,332,74,Mon-Fri 9am-5pm,1761,0.1380542124196181,0.0701406280789596,Flat-Rate,Melrose,High_Consumption
2024-01-16 14:00:00,26,67,3.1022356113497307,16,439,882,13,Wood,High,Warehouse,85,226,204,90,Sat-Sun 9am-5pm,1582,0.1347105081219863,0.0575443397928092,Flat-Rate,Whitby,High_Consumption
2024-01-16 15:00:00,21,60,1.568590233898618,10,162,681,8,Wood,Medium,Warehouse,143,212,223,47,Mon-Fri 9am-5pm,1318,0.1455444587837444,0.0643547732073544,Flat-Rate,Scarborough,Medium_Consumption
2024-01-16 16:00:00,12,58,2.410873048195479,12,366,631,14,Steel,Low,Office,115,266,269,70,Mon-Fri 9am-5pm,1541,0.1352810983911715,0.070018498477907,Flat-Rate,Filey,High_Consumption
2024-01-16 17:00:00,13,66,2.272554291997349,7,197,822,7,Concrete,Medium,Warehouse,119,288,364,61,Sat-Sun 9am-5pm,1821,0.1396061939287419,0.0660941567289727,Time-of-Use,Bridlington,High_Consumption
2024-01-16 18:00:00,11,75,0.8340245676537983,15,266,802,11,Wood,High,Office,176,219,221,51,Mon-Fri 9am-5pm,1350,0.1329984334832307,0.0634759068488943,Flat-Rate,Pickering,Medium_Consumption
2024-01-16 19:00:00,15,43,2.278303420157852,17,355,583,7,Brick,Medium,Office,174,111,231,85,Sat-Sun 9am-5pm,1883,0.1280955452411735,0.073932167786062,Flat-Rate,Pateley Bridge,High_Consumption
2024-01-16 20:00:00,18,57,1.724966081677581,7,320,638,6,Brick,High,Office,113,263,254,60,Sat-Sun 9am-5pm,1857,0.1405303697147805,0.0666319104681126,Time-of-Use,Masham,High_Consumption
2024-01-16 21:00:00,22,74,3.203556076322051,11,411,684,12,Brick,High,Warehouse,83,206,450,74,Mon-Fri 9am-5pm,1212,0.1203150309553486,0.0507800833506511,Flat-Rate,Northallerton,Medium_Consumption
2024-01-16 22:00:00,19,59,1.5906983368061072,6,181,608,10,Wood,High,Office,176,122,218,78,Sat-Sun 9am-5pm,1453,0.1128603931353258,0.0749064745181186,Time-of-Use,Stokesley,Medium_Consumption
2024-01-16 23:00:00,11,44,2.3972570630703247,8,218,622,17,Wood,High,Office,153,217,316,50,Mon-Fri 9am-5pm,1682,0.1396533198977347,0.0543087136637094,Time-of-Use,Thirsk,High_Consumption
2024-01-17 00:00:00,23,68,3.2281284041994778,5,280,982,17,Steel,Low,Warehouse,56,220,497,87,Sat-Sun 9am-5pm,1653,0.1164058177272969,0.0775884965248533,Time-of-Use,Malton,High_Consumption
2024-01-17 01:00:00,27,43,2.591554226149446,17,118,680,11,Concrete,Low,Office,61,134,335,32,Mon-Fri 9am-5pm,1644,0.1103073431292466,0.074740314263024,Flat-Rate,Helmsley,High_Consumption
2024-01-17 02:00:00,27,51,4.969993042979819,10,380,613,9,Concrete,Low,Warehouse,159,130,258,58,Sat-Sun 9am-5pm,1263,0.1074060498620963,0.0595222360370044,Time-of-Use,Easingwold,Medium_Consumption
2024-01-17 03:00:00,17,48,2.322299031789072,12,405,984,8,Steel,High,Warehouse,127,254,381,82,Sat-Sun 9am-5pm,1608,0.1237536241620011,0.0608725643592983,Flat-Rate,Richmond,High_Consumption
2024-01-17 04:00:00,12,52,0.1385855665527052,7,440,632,8,Wood,Low,Office,130,104,279,63,Sat-Sun 9am-5pm,1496,0.1235385967597921,0.0514345975868332,Time-of-Use,Middlesbrough,Medium_Consumption
2024-01-17 05:00:00,11,64,2.311647010550425,15,415,591,11,Wood,Medium,Office,99,220,311,60,Mon-Fri 9am-5pm,1616,0.1045560935940037,0.0713828175284361,Flat-Rate,Saltburn-by-the-Sea,High_Consumption
2024-01-17 06:00:00,16,53,4.557986840212613,7,181,932,7,Steel,High,Office,150,274,351,58,Sat-Sun 9am-5pm,1903,0.1173657463282698,0.060665991632743,Flat-Rate,Guisborough,High_Consumption
2024-01-17 07:00:00,19,68,2.159931629716951,11,351,784,5,Steel,Medium,Warehouse,151,256,299,73,Sat-Sun 9am-5pm,1798,0.1421120691792474,0.0546610165995567,Flat-Rate,Redcar,High_Consumption
2024-01-17 08:00:00,21,45,4.527930636890047,13,172,847,19,Concrete,Low,Warehouse,112,118,219,86,Mon-Fri 9am-5pm,1362,0.109159723590089,0.0693163669663277,Flat-Rate,Skelton-in-Cleveland,Medium_Consumption
2024-01-17 09:00:00,28,66,1.862005440862044,14,287,905,16,Brick,Low,Warehouse,127,273,380,98,Sat-Sun 9am-5pm,1413,0.1491035526028782,0.0580262293396811,Time-of-Use,Yarm,Medium_Consumption
2024-01-17 10:00:00,24,46,4.934333736957907,8,141,598,14,Wood,Medium,Office,75,282,340,46,Sat-Sun 9am-5pm,1980,0.1133327235077959,0.0601822375274718,Flat-Rate,Billingham,High_Consumption
2024-01-17 11:00:00,19,77,3.654400874186708,15,162,720,14,Wood,Medium,Office,95,140,475,66,Sat-Sun 9am-5pm,1423,0.1135676716138072,0.0529189335871252,Flat-Rate,Johannesburg,Medium_Consumption
2024-01-17 12:00:00,16,74,0.9453406234998653,7,326,683,18,Wood,Medium,Warehouse,113,171,406,84,Sat-Sun 9am-5pm,1573,0.1251864991189731,0.075562828206031,Time-of-Use,Cape Town,High_Consumption
2024-01-17 13:00:00,13,74,3.470747436389677,17,172,684,8,Wood,Medium,Warehouse,90,118,241,37,Mon-Fri 9am-5pm,1573,0.1170147878625122,0.062194389769903,Flat-Rate,Durban,High_Consumption
2024-01-17 14:00:00,18,48,3.833375411633693,8,486,705,11,Brick,High,Warehouse,90,166,267,91,Sat-Sun 9am-5pm,1695,0.141813152861128,0.0657433409345123,Time-of-Use,Pretoria,High_Consumption
2024-01-17 15:00:00,22,50,0.4998939235244187,12,483,569,14,Brick,Low,Warehouse,81,101,292,57,Mon-Fri 9am-5pm,1467,0.1213668140326426,0.0748405840673475,Time-of-Use,Port Elizabeth,Medium_Consumption
2024-01-17 16:00:00,16,68,0.1538696911662029,14,149,643,11,Steel,Low,Warehouse,131,295,375,40,Mon-Fri 9am-5pm,1359,0.1354009228741566,0.0728033172528263,Time-of-Use,Bloemfontein,Medium_Consumption
2024-01-17 17:00:00,12,47,2.8521627270234284,6,139,653,13,Steel,Medium,Warehouse,60,189,394,80,Sat-Sun 9am-5pm,1780,0.1335652392677934,0.0703731456071706,Flat-Rate,East London,High_Consumption
2024-01-17 18:00:00,10,45,4.569289515731988,13,363,684,13,Wood,Medium,Office,53,228,346,64,Mon-Fri 9am-5pm,1501,0.1069452830375561,0.064535975385894,Time-of-Use,Kimberley,High_Consumption
2024-01-17 19:00:00,15,47,4.643731494322071,5,241,575,6,Wood,High,Warehouse,104,140,353,79,Mon-Fri 9am-5pm,1973,0.1194433288315287,0.061120371992516,Time-of-Use,Polokwane,High_Consumption
2024-01-17 20:00:00,16,58,0.8541758052004877,12,340,590,15,Concrete,Medium,Warehouse,188,226,233,57,Sat-Sun 9am-5pm,1085,0.1235499966027242,0.0716897927494202,Time-of-Use,Nelspruit,Low_Consumption
2024-01-17 21:00:00,13,48,3.907603807180635,16,147,658,15,Steel,High,Warehouse,100,214,486,34,Sat-Sun 9am-5pm,1813,0.1259178988178218,0.0680752311658869,Flat-Rate,Mbombela,High_Consumption
2024-01-17 22:00:00,20,60,4.544418254836112,8,489,806,19,Brick,Medium,Office,177,209,202,76,Mon-Fri 9am-5pm,1909,0.1192381925879952,0.0526296790512711,Time-of-Use,Mahikeng,High_Consumption
2024-01-17 23:00:00,20,43,4.128262725897406,14,254,655,10,Concrete,High,Office,77,259,452,52,Mon-Fri 9am-5pm,1727,0.1029766750648232,0.0558415975996836,Flat-Rate,Rustenburg,High_Consumption
2024-01-18 00:00:00,17,42,4.006606036156711,16,181,896,16,Brick,Medium,Office,183,270,344,93,Mon-Fri 9am-5pm,1691,0.1025043032424548,0.0756100453334289,Time-of-Use,Klerksdorp,High_Consumption
2024-01-18 01:00:00,13,56,4.968720554251215,11,388,684,12,Concrete,Medium,Office,142,193,435,57,Mon-Fri 9am-5pm,1812,0.1180904089610491,0.0718518746688461,Flat-Rate,Welkom,High_Consumption
2024-01-18 02:00:00,15,70,0.1255076821409212,18,337,993,9,Wood,Low,Office,103,290,274,31,Mon-Fri 9am-5pm,1000,0.1328268829365173,0.0545121248300743,Flat-Rate,Botshabelo,Low_Consumption
2024-01-18 03:00:00,19,52,3.379706205848332,15,128,796,11,Steel,High,Warehouse,142,249,464,44,Sat-Sun 9am-5pm,1704,0.1118034549659561,0.0698964285232317,Flat-Rate,Witbank,High_Consumption
2024-01-18 04:00:00,27,59,3.988911589808131,14,465,631,10,Brick,Medium,Warehouse,139,117,376,89,Mon-Fri 9am-5pm,1145,0.1247338076529664,0.0706845660085011,Flat-Rate,Richards Bay,Low_Consumption
2024-01-18 05:00:00,11,57,4.931489869690704,19,496,822,10,Wood,Low,Office,160,120,498,64,Sat-Sun 9am-5pm,1984,0.1404309142828095,0.0751850333337957,Flat-Rate,Vanderbijlpark,High_Consumption
2024-01-18 06:00:00,24,61,0.8517433567310584,14,275,629,12,Steel,Low,Office,133,226,365,67,Mon-Fri 9am-5pm,1636,0.1190017550358672,0.0720044539052193,Flat-Rate,Centurion,High_Consumption
2024-01-18 07:00:00,20,75,4.652367621608969,12,213,522,17,Steel,High,Warehouse,146,283,482,36,Sat-Sun 9am-5pm,1240,0.1047034111345031,0.0727972306581709,Flat-Rate,Uitenhage,Medium_Consumption
2024-01-18 08:00:00,22,42,2.515767652229272,17,347,500,15,Steel,High,Office,174,180,372,64,Sat-Sun 9am-5pm,1319,0.1393117482941831,0.0631457396774188,Time-of-Use,Roodepoort,Medium_Consumption
2024-01-18 09:00:00,20,48,2.61740105210408,13,304,780,10,Wood,Medium,Office,57,232,302,77,Mon-Fri 9am-5pm,1577,0.1168284846881894,0.0687908021658877,Time-of-Use,Paarl,High_Consumption
2024-01-18 10:00:00,29,66,4.161832153315872,19,223,876,6,Wood,High,Office,154,263,307,72,Sat-Sun 9am-5pm,1711,0.108847835137979,0.0621332729244586,Flat-Rate,Springs,High_Consumption
2024-01-18 11:00:00,18,77,0.2992355508702976,6,450,559,8,Steel,Low,Office,71,202,422,35,Sat-Sun 9am-5pm,1107,0.1004475388891221,0.0702151700750272,Time-of-Use,Carletonville,Low_Consumption
2024-01-18 12:00:00,26,54,1.706370980705335,10,454,639,18,Brick,High,Office,113,297,227,82,Mon-Fri 9am-5pm,1170,0.1162365435050832,0.0719905814001808,Time-of-Use,Krugersdorp,Low_Consumption
2024-01-18 13:00:00,16,48,1.1357391194473436,15,415,521,8,Brick,Low,Office,166,135,240,63,Sat-Sun 9am-5pm,1628,0.1123457154965295,0.0790091200046351,Flat-Rate,George,High_Consumption
2024-01-18 14:00:00,26,63,0.1558670349728697,8,342,967,19,Concrete,Low,Warehouse,93,173,342,42,Sat-Sun 9am-5pm,1723,0.1312462090484586,0.0583638626751759,Flat-Rate,Midrand,High_Consumption
2024-01-18 15:00:00,15,61,1.865700550662932,12,298,678,14,Concrete,Medium,Warehouse,68,137,243,37,Sat-Sun 9am-5pm,1342,0.1035882560770508,0.0549326941718685,Time-of-Use,Westonaria,Medium_Consumption
2024-01-18 16:00:00,11,67,3.51233542869934,9,360,501,7,Brick,Medium,Office,152,254,293,92,Mon-Fri 9am-5pm,1754,0.1008124258608035,0.0560667906123631,Time-of-Use,Middelburg,High_Consumption
2024-01-18 17:00:00,14,57,2.491000762582129,7,154,904,12,Brick,High,Warehouse,110,235,332,52,Sat-Sun 9am-5pm,1652,0.1055153638346782,0.0690678424166385,Time-of-Use,Vryheid,High_Consumption
2024-01-18 18:00:00,14,58,1.3240180161723265,12,492,747,6,Concrete,Medium,Office,195,135,235,59,Sat-Sun 9am-5pm,1446,0.1432464211785268,0.06836167945499,Flat-Rate,Orkney,Medium_Consumption
2024-01-18 19:00:00,21,79,0.5417517907845354,19,329,613,12,Wood,Low,Warehouse,94,259,473,46,Mon-Fri 9am-5pm,1916,0.117805994946609,0.077706197420541,Time-of-Use,Kimberley,High_Consumption
2024-01-18 20:00:00,14,66,0.30801704361612,12,147,779,11,Steel,Low,Warehouse,110,253,236,85,Mon-Fri 9am-5pm,1457,0.1386662642702756,0.079255827756129,Time-of-Use,Ermelo,Medium_Consumption
2024-01-18 21:00:00,16,66,4.856638279145357,8,407,752,8,Concrete,Medium,Office,159,117,263,61,Sat-Sun 9am-5pm,1728,0.113101488184522,0.0574609795567553,Flat-Rate,Sasolburg,High_Consumption
2024-01-18 22:00:00,28,79,0.3926516237614375,11,396,500,10,Brick,Low,Warehouse,179,266,363,95,Mon-Fri 9am-5pm,1078,0.1375992444125635,0.0650847666301337,Time-of-Use,Ballito,Low_Consumption
2024-01-18 23:00:00,26,52,2.775761565063737,8,115,570,12,Wood,High,Warehouse,119,246,236,73,Sat-Sun 9am-5pm,1569,0.1217371044451215,0.0723902216425375,Flat-Rate,Worcester,High_Consumption
2024-01-19 00:00:00,20,64,2.912615273976119,8,337,570,18,Concrete,Medium,Warehouse,110,170,302,95,Sat-Sun 9am-5pm,1667,0.128855371272658,0.0780326537202581,Flat-Rate,Bethal,High_Consumption
2024-01-19 01:00:00,13,50,3.512924289880419,17,123,732,19,Brick,Low,Office,57,168,385,34,Mon-Fri 9am-5pm,1566,0.1424633682251737,0.0760389652802945,Flat-Rate,Lichtenburg,High_Consumption
2024-01-19 02:00:00,25,42,2.850996831633698,13,208,584,17,Steel,Low,Warehouse,71,276,423,65,Sat-Sun 9am-5pm,1146,0.1138067141999084,0.0547448421194728,Flat-Rate,Potchefstroom,Low_Consumption
2024-01-19 03:00:00,11,54,1.5678696491458717,7,454,565,14,Wood,Low,Office,153,295,394,30,Mon-Fri 9am-5pm,1772,0.1411316319509546,0.0748873828493229,Flat-Rate,Brits,High_Consumption
2024-01-19 04:00:00,26,66,1.957272300906903,12,226,572,14,Brick,Low,Warehouse,154,136,421,54,Sat-Sun 9am-5pm,1637,0.1168621536104171,0.0547572524254989,Time-of-Use,Nigel,High_Consumption
2024-01-19 05:00:00,25,43,1.9101362920581015,5,115,981,15,Steel,Medium,Office,124,219,316,32,Mon-Fri 9am-5pm,1720,0.1481507295028285,0.0661298437885675,Flat-Rate,Parys,High_Consumption
2024-01-19 06:00:00,12,65,1.375397380902449,14,104,707,17,Wood,Low,Warehouse,181,143,329,34,Mon-Fri 9am-5pm,1031,0.1058694543211276,0.0749334667292541,Time-of-Use,Kroonstad,Low_Consumption
2024-01-19 07:00:00,26,49,4.173989515937143,11,468,835,15,Brick,Low,Warehouse,116,211,407,34,Sat-Sun 9am-5pm,1065,0.123047344593311,0.0723875020381882,Time-of-Use,Thohoyandou,Low_Consumption
2024-01-19 08:00:00,29,48,4.96289281912467,10,280,722,15,Steel,Medium,Warehouse,181,131,352,92,Sat-Sun 9am-5pm,1293,0.1464339462015144,0.0697304030387285,Time-of-Use,Vereeniging,Medium_Consumption
2024-01-19 09:00:00,28,43,4.106332187426232,7,401,680,15,Wood,Low,Warehouse,78,297,219,49,Mon-Fri 9am-5pm,1408,0.1474010955393748,0.0617758376378758,Flat-Rate,Secunda,Medium_Consumption
2024-01-19 10:00:00,16,41,1.311546816873358,9,216,503,7,Steel,High,Office,181,190,341,88,Sat-Sun 9am-5pm,1166,0.1232804373476173,0.0729094139326189,Flat-Rate,Standerton,Low_Consumption
2024-01-19 11:00:00,19,61,1.500734862728944,5,395,822,13,Wood,Low,Warehouse,120,275,448,57,Mon-Fri 9am-5pm,1232,0.1024284108481864,0.0679359619436291,Flat-Rate,Komatipoort,Medium_Consumption
2024-01-19 12:00:00,19,57,0.0703150992042334,8,137,620,17,Wood,Low,Office,68,263,405,74,Mon-Fri 9am-5pm,1126,0.1111313150268168,0.0546249899360626,Time-of-Use,Kroondal,Low_Consumption
2024-01-19 13:00:00,22,67,2.9802519822748024,9,453,568,7,Brick,Low,Warehouse,50,191,314,80,Sat-Sun 9am-5pm,1527,0.1058782632931013,0.0603385067725325,Flat-Rate,Jansenville,High_Consumption
2024-01-19 14:00:00,20,43,1.2190803235741532,11,135,748,9,Wood,Medium,Warehouse,81,265,217,48,Sat-Sun 9am-5pm,1552,0.1434783877449344,0.064102773113744,Flat-Rate,Pietermaritzburg,High_Consumption
2024-01-19 15:00:00,21,42,0.8400340453715421,17,440,648,17,Brick,High,Warehouse,170,159,227,67,Mon-Fri 9am-5pm,1382,0.1084970633387716,0.0544663525243546,Time-of-Use,Randfontein,Medium_Consumption
2024-01-19 16:00:00,27,64,1.6694287087054778,19,382,776,10,Concrete,Medium,Warehouse,141,236,321,94,Sat-Sun 9am-5pm,1780,0.1475074824843649,0.0706845855308847,Time-of-Use,Klerksdorp,High_Consumption
2024-01-19 17:00:00,19,65,0.1534011318489681,10,134,818,8,Concrete,Medium,Office,199,127,255,72,Sat-Sun 9am-5pm,1819,0.1302225228965418,0.0600516043359787,Flat-Rate,Randburg,High_Consumption
2024-01-19 18:00:00,12,58,2.862835629158964,9,481,648,11,Wood,Medium,Office,93,189,301,87,Sat-Sun 9am-5pm,1597,0.1370971458958875,0.0574425082271567,Flat-Rate,Ladysmith,High_Consumption
2024-01-19 19:00:00,12,41,3.67431214858851,18,259,685,14,Brick,Low,Warehouse,123,247,292,46,Sat-Sun 9am-5pm,1066,0.144160685844749,0.0534627143651692,Time-of-Use,Phalaborwa,Low_Consumption
2024-01-19 20:00:00,19,55,2.213163499069899,8,123,857,5,Wood,High,Warehouse,193,122,488,61,Sat-Sun 9am-5pm,1028,0.1231817640873817,0.0521577338571456,Time-of-Use,Umtata,Low_Consumption
2024-01-19 21:00:00,27,49,2.04621020499597,12,460,788,15,Brick,Low,Warehouse,63,115,394,56,Sat-Sun 9am-5pm,1232,0.1412595898183901,0.0666750524849313,Flat-Rate,Queenstown,Medium_Consumption
2024-01-19 22:00:00,22,76,2.59772265025546,13,207,705,16,Brick,High,Office,58,147,288,89,Sat-Sun 9am-5pm,1802,0.1030880616382483,0.0634954940001526,Time-of-Use,Eshowe,High_Consumption
2024-01-19 23:00:00,17,79,0.7133007194718155,15,303,928,12,Concrete,Low,Warehouse,134,163,471,85,Mon-Fri 9am-5pm,1955,0.1479133909837811,0.0775850205272875,Flat-Rate,Zululand,High_Consumption
2024-01-20 00:00:00,20,71,0.7527569372261705,12,328,663,18,Brick,High,Office,65,237,218,66,Mon-Fri 9am-5pm,1117,0.1373215486246977,0.0577796024738901,Flat-Rate,Vryburg,Low_Consumption
2024-01-20 01:00:00,18,69,0.3896075637097396,13,139,776,17,Brick,Low,Warehouse,148,278,494,78,Mon-Fri 9am-5pm,1538,0.1488263308073846,0.0676343647903467,Flat-Rate,Barberton,High_Consumption
2024-01-20 02:00:00,17,64,0.3135638766505499,12,332,556,12,Brick,Low,Warehouse,109,249,426,57,Mon-Fri 9am-5pm,1426,0.1094993406781707,0.0540184493796275,Time-of-Use,Port Shepstone,Medium_Consumption
2024-01-20 03:00:00,21,56,4.185490837204203,15,377,926,5,Concrete,Low,Warehouse,100,119,436,77,Mon-Fri 9am-5pm,1338,0.1456160490350241,0.0724674616532623,Time-of-Use,Simons Town,Medium_Consumption
2024-01-20 04:00:00,12,41,1.8725949298755773,9,171,828,8,Brick,Medium,Warehouse,132,261,407,44,Sat-Sun 9am-5pm,1419,0.1118258937720396,0.0502134642318951,Time-of-Use,Oudtshoorn,Medium_Consumption
2024-01-20 05:00:00,20,60,2.26178801418988,5,137,546,12,Concrete,Medium,Warehouse,159,210,306,76,Sat-Sun 9am-5pm,1592,0.1121131703957782,0.0673743573094441,Flat-Rate,Cradock,High_Consumption
2024-01-20 06:00:00,10,74,0.5789589108626247,17,337,554,6,Steel,Low,Office,129,163,202,40,Sat-Sun 9am-5pm,1001,0.1368203932347302,0.0759617801053688,Flat-Rate,Bloemhof,Low_Consumption
2024-01-20 07:00:00,13,64,2.5683211115517954,7,306,822,13,Wood,Medium,Office,132,181,394,79,Mon-Fri 9am-5pm,1015,0.1441453945095921,0.0667224954088145,Flat-Rate,Plettenberg Bay,Low_Consumption
2024-01-20 08:00:00,22,43,3.9400644625964873,18,267,562,7,Wood,Low,Office,180,171,360,36,Sat-Sun 9am-5pm,1441,0.1363366653609348,0.0652809229856749,Flat-Rate,Hermanus,Medium_Consumption
2024-01-20 09:00:00,23,76,1.853319271282044,7,176,859,6,Concrete,Medium,Warehouse,65,224,283,51,Mon-Fri 9am-5pm,1129,0.1492173910502842,0.0697205139997573,Flat-Rate,Vredenburg,Low_Consumption
2024-01-20 10:00:00,13,49,1.027150939598093,16,494,655,7,Brick,Low,Office,174,115,424,66,Mon-Fri 9am-5pm,1152,0.1206039118894459,0.0673995584220912,Time-of-Use,Springbok,Low_Consumption
2024-01-20 11:00:00,26,70,1.069172913316447,19,489,904,10,Brick,Low,Office,61,126,268,95,Sat-Sun 9am-5pm,1849,0.1334103904782257,0.067553503688875,Flat-Rate,Swartland,High_Consumption
2024-01-20 12:00:00,28,62,1.2985785420515072,10,311,867,14,Concrete,Medium,Warehouse,106,108,451,39,Mon-Fri 9am-5pm,1391,0.129642001975118,0.0514934846196614,Time-of-Use,Harrismith,Medium_Consumption
2024-01-20 13:00:00,20,41,2.9272576429745154,11,427,591,18,Steel,Medium,Warehouse,85,114,479,32,Mon-Fri 9am-5pm,1842,0.1162571653519915,0.0677092653410484,Flat-Rate,Upington,High_Consumption
2024-01-20 14:00:00,17,57,1.5019612698363904,13,155,814,19,Brick,High,Office,61,132,394,78,Sat-Sun 9am-5pm,1948,0.1362641785981939,0.0688397586250742,Time-of-Use,Richards Bay,High_Consumption
2024-01-20 15:00:00,10,54,2.064088237994227,12,452,674,19,Brick,High,Warehouse,167,244,465,84,Sat-Sun 9am-5pm,1265,0.1131418745921913,0.0626461078181076,Time-of-Use,De Aar,Medium_Consumption
2024-01-20 16:00:00,19,68,0.2255795324490117,11,266,595,17,Concrete,High,Office,181,217,207,52,Sat-Sun 9am-5pm,1635,0.1320526803447022,0.0731240307893408,Flat-Rate,Upington,High_Consumption
2024-01-20 17:00:00,12,44,4.804087670710437,5,418,753,7,Concrete,Medium,Office,85,254,417,50,Sat-Sun 9am-5pm,1603,0.1246687384265861,0.0705938731288318,Flat-Rate,Mossel Bay,High_Consumption
2024-01-20 18:00:00,10,46,4.721680297762331,10,134,719,19,Brick,Low,Office,129,156,228,54,Sat-Sun 9am-5pm,1214,0.1255328369547717,0.0536090453020843,Flat-Rate,Beaufort West,Medium_Consumption
2024-01-20 19:00:00,10,70,0.6305076671577065,10,464,922,6,Steel,High,Warehouse,70,235,421,33,Mon-Fri 9am-5pm,1585,0.113102632120812,0.0623847420397968,Flat-Rate,Clanwilliam,High_Consumption
2024-01-20 20:00:00,22,62,3.50453682670582,12,203,694,9,Brick,Medium,Warehouse,50,108,245,70,Mon-Fri 9am-5pm,1603,0.1105895264950905,0.0701778745384843,Flat-Rate,Port Nolloth,High_Consumption
2024-01-20 21:00:00,21,52,4.5416985141277095,13,452,996,12,Concrete,Medium,Office,93,161,408,72,Sat-Sun 9am-5pm,1464,0.1150629296496655,0.0529428583196409,Flat-Rate,Postmasburg,Medium_Consumption
2024-01-20 22:00:00,28,42,2.4105032261229624,14,425,621,8,Steel,Medium,Office,119,278,226,61,Mon-Fri 9am-5pm,1203,0.1453239218098341,0.0509501567048064,Flat-Rate,Graaff-Reinet,Medium_Consumption
2024-01-20 23:00:00,19,53,2.362591403478434,10,170,934,14,Brick,High,Office,134,199,343,82,Mon-Fri 9am-5pm,1178,0.1135827211316915,0.0590196334014489,Flat-Rate,Calvinia,Low_Consumption
2024-01-21 00:00:00,10,40,0.1324572172535681,6,256,916,17,Brick,Low,Office,194,285,257,47,Mon-Fri 9am-5pm,1427,0.1162219367895327,0.0739833307810897,Time-of-Use,Prince Albert,Medium_Consumption
2024-01-21 01:00:00,29,66,3.3567563067632697,11,127,902,15,Brick,High,Office,181,126,444,74,Mon-Fri 9am-5pm,1283,0.1248433742188906,0.0736884566342413,Flat-Rate,Sutherland,Medium_Consumption
2024-01-21 02:00:00,23,44,2.394758093226488,11,104,926,11,Wood,Low,Office,156,223,478,50,Sat-Sun 9am-5pm,1606,0.147769022598703,0.059753743766892,Flat-Rate,Franschhoek,High_Consumption
2024-01-21 03:00:00,23,72,1.0293117353525827,7,222,884,6,Steel,Low,Office,127,276,457,61,Sat-Sun 9am-5pm,1940,0.1342442812944673,0.0610615594833657,Flat-Rate,Rome,High_Consumption
2024-01-21 04:00:00,24,45,1.09773368244084,13,147,996,14,Wood,Medium,Warehouse,104,164,402,67,Mon-Fri 9am-5pm,1678,0.1488581169410859,0.0605874719786089,Time-of-Use,Milan,High_Consumption
2024-01-21 05:00:00,21,59,2.378118886909422,14,125,788,16,Steel,High,Office,134,295,247,60,Sat-Sun 9am-5pm,1324,0.1036342938688908,0.0652404147729803,Time-of-Use,Naples,Medium_Consumption
2024-01-21 06:00:00,24,57,4.829881045156437,10,242,669,11,Wood,Medium,Warehouse,101,239,400,96,Sat-Sun 9am-5pm,1786,0.1028140680983043,0.0532090724268058,Time-of-Use,Turin,High_Consumption
2024-01-21 07:00:00,21,40,3.300970628511697,19,265,809,13,Concrete,Medium,Warehouse,130,145,245,86,Mon-Fri 9am-5pm,1906,0.1278554867165985,0.0545002769756213,Flat-Rate,Palermo,High_Consumption
2024-01-21 08:00:00,20,78,0.7403455699500661,17,331,741,7,Brick,Low,Warehouse,90,150,483,86,Sat-Sun 9am-5pm,1849,0.1179911828282556,0.0711745503915373,Time-of-Use,Genoa,High_Consumption
2024-01-21 09:00:00,10,51,3.604324542507288,13,285,842,5,Concrete,Medium,Warehouse,88,204,315,85,Sat-Sun 9am-5pm,1658,0.1299512122857845,0.0782071849488074,Flat-Rate,Bologna,High_Consumption
2024-01-21 10:00:00,22,59,3.648689744701745,5,104,579,8,Concrete,High,Warehouse,198,157,484,73,Sat-Sun 9am-5pm,1399,0.1481487256770135,0.064243793574933,Time-of-Use,Florence,Medium_Consumption
2024-01-21 11:00:00,28,40,3.5225559455890343,5,430,729,14,Brick,Medium,Office,80,246,474,31,Mon-Fri 9am-5pm,1382,0.1362001590576333,0.0614204979910924,Time-of-Use,Bari,Medium_Consumption
2024-01-21 12:00:00,11,43,3.984689244053738,11,223,593,14,Wood,Low,Warehouse,50,207,218,34,Mon-Fri 9am-5pm,1630,0.1416743358930259,0.0648097511958745,Flat-Rate,Catania,High_Consumption
2024-01-21 13:00:00,20,73,3.5273775255144084,18,141,511,15,Steel,Medium,Warehouse,73,215,293,31,Mon-Fri 9am-5pm,1238,0.1464570361335324,0.0726714879612032,Time-of-Use,Venice,Medium_Consumption
2024-01-21 14:00:00,21,63,0.8933988943592114,16,141,861,7,Brick,Medium,Office,106,278,490,68,Sat-Sun 9am-5pm,1396,0.1430157616368798,0.0627805424462329,Flat-Rate,Verona,Medium_Consumption
2024-01-21 15:00:00,29,41,4.221411566706806,17,254,547,8,Steel,Low,Office,164,211,403,30,Sat-Sun 9am-5pm,1294,0.1327065297693678,0.0711094244224992,Flat-Rate,Messina,Medium_Consumption
2024-01-21 16:00:00,20,66,1.0178955420733369,17,345,735,5,Brick,High,Warehouse,153,147,307,78,Sat-Sun 9am-5pm,1861,0.1415886821736343,0.0559789794981401,Time-of-Use,Padua,High_Consumption
2024-01-21 17:00:00,14,56,0.9880190887422692,7,259,865,17,Brick,Low,Warehouse,176,175,447,95,Mon-Fri 9am-5pm,1485,0.1157230921747386,0.05764957431787,Flat-Rate,Trieste,Medium_Consumption
2024-01-21 18:00:00,21,67,1.8711136993287696,10,402,700,6,Concrete,Low,Office,120,143,428,58,Sat-Sun 9am-5pm,1968,0.1136371003987415,0.0572948824718934,Time-of-Use,Brescia,High_Consumption
2024-01-21 19:00:00,19,75,1.2696708430314425,10,187,555,19,Steel,High,Office,102,167,376,71,Mon-Fri 9am-5pm,1650,0.1367472638118202,0.0699877852875402,Time-of-Use,Taranto,High_Consumption
